t_rel,cgroup_bytes,kernel_rss,kernel_pss,claude_rss,claude_pss,health_observed,health_claude_rss,health_kernel_rss
0.836,3330367488,15536128,13585408,270655488,268914688,3330375680,270655488,15536128
1.342,3330400256,15536128,13585408,270753792,268881920,3330400256,270753792,15536128
1.848,3330359296,15536128,13585408,270753792,268890112,3330359296,270753792,15536128
2.354,3330400256,15536128,13585408,270692352,268881920,3330400256,270692352,15536128
2.861,3330359296,15536128,13585408,270692352,268890112,3330359296,270692352,15536128
3.366,3330412544,15536128,13585408,270680064,268881920,3330412544,270680064,15536128
3.872,3330363392,15536128,13585408,270680064,268873728,3330363392,270680064,15536128
4.379,3330420736,15536128,13585408,270663680,268873728,3330420736,270663680,15536128
4.885,3330400256,15536128,13585408,270663680,268890112,3330400256,270663680,15536128
5.391,3330392064,15536128,13585408,270884864,268881920,3330392064,270884864,15536128
5.897,3330592768,15536128,13585408,270884864,268890112,3330592768,270884864,15536128
6.403,3330387968,15536128,13585408,270835712,268881920,3330387968,270835712,15536128
6.909,3330363392,15536128,13585408,270835712,268890112,3330363392,270835712,15536128
7.415,3330383872,15536128,13585408,270778368,268890112,3330383872,270778368,15536128
7.922,3330359296,15536128,13585408,270778368,268881920,3330359296,270778368,15536128
8.429,3330375680,15536128,13585408,270737408,268894208,3330375680,270737408,15536128
8.935,3330342912,15536128,13585408,270737408,268890112,3330342912,270737408,15536128
9.441,3330629632,15536128,13585408,270852096,268902400,3330641920,270852096,15536128
9.947,3330584576,15536128,13585408,270852096,268902400,3330584576,270852096,15536128
10.453,3330273280,15536128,13585408,270778368,268800000,3330273280,270778368,15536128
10.964,3330224128,15536128,13585408,270778368,268800000,3330224128,270778368,15536128
11.470,3330265088,15536128,13585408,270630912,268800000,3330265088,270630912,15536128
11.980,3330347008,15536128,13585408,270630912,268800000,3330347008,270630912,15536128
12.486,3330351104,15536128,13585408,270704640,268804096,3330351104,270704640,15536128
12.993,3330314240,15536128,13585408,270704640,268804096,3330314240,270704640,15536128
13.499,3330347008,15536128,13585408,270667776,268804096,3330347008,270667776,15536128
14.005,3330330624,15536128,13585408,270667776,268804096,3330330624,270667776,15536128
14.511,3330359296,15536128,13585408,270630912,268804096,3330359296,270630912,15536128
15.017,3330338816,15536128,13585408,270630912,268804096,3330338816,270630912,15536128
15.524,3330588672,15536128,13585408,270589952,268804096,3330588672,270589952,15536128
16.030,3330514944,15536128,13585408,270589952,268804096,3330514944,270589952,15536128
16.536,3330551808,15536128,13585408,270696448,268804096,3330551808,270696448,15536128
17.043,3330527232,15536128,13585408,270696448,268804096,3330527232,270696448,15536128
17.554,3330236416,15536128,13585408,270659584,268812288,3330236416,270659584,15536128
18.061,3330191360,15536128,13585408,270659584,268816384,3330191360,270659584,15536128
18.571,3330215936,15536128,13585408,270745600,268816384,3330215936,270745600,15536128
19.082,3330449408,15536128,13585408,270745600,268816384,3330449408,270745600,15536128
19.592,3330416640,15536128,13585408,270684160,268820480,3330416640,270684160,15536128
20.100,3330416640,15536128,13585408,270684160,268820480,3330416640,270684160,15536128
20.606,3330416640,15536128,13585408,270651392,268820480,3330416640,270651392,15536128
21.113,3330396160,15536128,13585408,270651392,268820480,3330396160,270651392,15536128
21.618,3330392064,15536128,13585408,270618624,268824576,3330392064,270618624,15536128
22.125,3330375680,15536128,13585408,270618624,268824576,3330375680,270618624,15536128
22.631,3330400256,15536128,13585408,270741504,268824576,3330400256,270741504,15536128
23.137,3330387968,15536128,13585408,270741504,268824576,3330387968,270741504,15536128
23.643,3330605056,15536128,13585408,270680064,268824576,3330605056,270680064,15536128
24.150,3330596864,15536128,13585408,270680064,268824576,3330596864,270680064,15536128
24.656,3330359296,15536128,13585408,270790656,268824576,3330359296,270790656,15536128
25.162,3330359296,15536128,13585408,270790656,268824576,3330359296,270790656,15536128
25.668,3330306048,15536128,13585408,270725120,268824576,3330306048,270725120,15536128
26.175,3331076096,15536128,13585408,270987264,269221888,3331080192,270987264,15536128
26.680,3330547712,15536128,13585408,270671872,268824576,3330547712,270671872,15536128
27.186,3330793472,15536128,13585408,270934016,269242368,3330793472,270934016,15536128
27.692,3330514944,15536128,13585408,270626816,268828672,3330514944,270626816,15536128
28.198,3330363392,15536128,13585408,271020032,268984320,3330760704,271020032,15536128
28.704,3330527232,15536128,13585408,270626816,268828672,3330527232,270626816,15536128
29.209,3330412544,15536128,13585408,270753792,268832768,3330412544,270753792,15536128
29.714,3330490368,15536128,13585408,270753792,268828672,3330490368,270753792,15536128
30.222,3331031040,15536128,13585408,271405056,269406208,3331031040,271405056,15536128
30.728,3330924544,15536128,13585408,271405056,269402112,3330924544,271405056,15536128
31.233,3331076096,15536128,13585408,271253504,269426688,3331076096,271253504,15536128
31.739,3331133440,15536128,13585408,271253504,269414400,3331133440,271253504,15536128
32.244,3331383296,15536128,13585408,271482880,269688832,3331383296,271482880,15536128
32.750,3331211264,15536128,13585408,271482880,269672448,3331211264,271482880,15536128
33.256,3331321856,15536128,13585408,271466496,269684736,3331321856,271466496,15536128
33.761,3331452928,15536128,13585408,271466496,269676544,3331452928,271466496,15536128
34.267,3331305472,15536128,13585408,271540224,269688832,3331305472,271540224,15536128
34.772,3331436544,15536128,13585408,271540224,269680640,3331436544,271540224,15536128
35.278,3331543040,15536128,13585408,271503360,269684736,3331543040,271503360,15536128
35.784,3331391488,15536128,13585408,271503360,269680640,3331391488,271503360,15536128
36.290,3331235840,15536128,13585408,271601664,269684736,3331235840,271601664,15536128
36.795,3331604480,15536128,13585408,271601664,269705216,3331604480,271601664,15536128
37.301,3331420160,15536128,13585408,271560704,269688832,3331420160,271560704,15536128
37.807,3331543040,15536128,13585408,271560704,269684736,3331543040,271560704,15536128
38.313,3331420160,15536128,13585408,271532032,269692928,3331420160,271532032,15536128
38.819,3331301376,15536128,13585408,271532032,269688832,3331301376,271532032,15536128
39.325,3331395584,15536128,13585408,271609856,269688832,3331395584,271609856,15536128
39.830,3331522560,15536128,13585408,271609856,269684736,3331522560,271609856,15536128
40.337,3331399680,15536128,13585408,271568896,269688832,3331399680,271568896,15536128
40.843,3331260416,15536128,13585408,271568896,269684736,3331260416,271568896,15536128
41.349,3331403776,15536128,13585408,271507456,269688832,3331403776,271507456,15536128
41.856,3330805760,15536128,13585408,270770176,268984320,3330805760,270770176,15536128
42.361,3330908160,15536128,13585408,270860288,268996608,3330908160,270860288,15536128
42.868,3330666496,15536128,13585408,270860288,269000704,3330666496,270860288,15536128
43.374,3330764800,15536128,13585408,270983168,268996608,3330764800,270983168,15536128
43.881,3330703360,15536128,13585408,270983168,269000704,3330703360,270983168,15536128
44.386,3330670592,15536128,13585408,270962688,268996608,3330670592,270962688,15536128
44.946,3330818048,15536128,13585408,270962688,268988416,3330818048,270962688,15536128
45.452,3330957312,15536128,13585408,270913536,268988416,3330957312,270913536,15536128
45.959,3330891776,15536128,13585408,270913536,268988416,3330891776,270913536,15536128
46.465,3331481600,15536128,13585408,270864384,268988416,3331481600,270864384,15536128
46.971,3330801664,15536128,13585408,270864384,268988416,3330801664,270864384,15536128
47.477,3330887680,15536128,13585408,270848000,268992512,3330887680,270848000,15536128
47.984,3361607680,15536128,13559808,270848000,268966912,3360034816,270848000,15536128
48.495,3388493824,15536128,13548544,270843904,268958720,3387707392,270843904,15536128
49.006,3460112384,15536128,13548544,270843904,268958720,3459325952,270843904,15536128
49.515,3486949376,15536128,13548544,270929920,268958720,3486687232,270929920,15536128
50.024,3518480384,15536128,13548544,270929920,268958720,3518480384,270929920,15536128
50.541,3560361984,15536128,13548544,270901248,268962816,3559051264,270901248,15536128
51.047,3625492480,15536128,13547520,270901248,268962816,3621036032,270901248,15536128
51.561,3684085760,15536128,13547520,270893056,268975104,3681988608,270893056,15536128
52.070,3662544896,15536128,13547520,270893056,268975104,3662544896,270893056,15536128
52.576,3677216768,15536128,13547520,270974976,269007872,3676954624,270974976,15536128
53.095,3691503616,15536128,13547520,270974976,269007872,3693195264,270974976,15536128
53.609,3696709632,15536128,13547520,270970880,269007872,3701633024,270970880,15536128
54.118,3641831424,15536128,13547520,272019456,270217216,3640807424,272019456,15536128
54.626,3384459264,15536128,13534208,271675392,269730816,3384467456,271675392,15536128
55.132,3385036800,15536128,13534208,271675392,269730816,3385036800,271675392,15536128
55.645,3478388736,15536128,13534208,271630336,269730816,3478388736,271630336,15536128
56.152,3384819712,15536128,13534208,271630336,269730816,3384819712,271630336,15536128
56.658,3384950784,15536128,13534208,271593472,269743104,3384950784,271593472,15536128
57.165,3385671680,15536128,13534208,271593472,269734912,3385671680,271593472,15536128
57.672,3345948672,15536128,13585408,271941632,269987840,3345948672,271941632,15536128
58.178,3345838080,15536128,13585408,271941632,269987840,3345838080,271941632,15536128
58.684,3358846976,15536128,13585408,271888384,269987840,3358846976,271888384,15536128
59.190,3358986240,15536128,13585408,271888384,269987840,3358986240,271888384,15536128
59.696,3345240064,15536128,13585408,271863808,269987840,3345240064,271863808,15536128
60.202,3345362944,15536128,13585408,271863808,269987840,3345362944,271863808,15536128
60.709,3345338368,15536128,13585408,271843328,269987840,3345338368,271843328,15536128
61.215,3345313792,15536128,13585408,271843328,269987840,3345313792,271843328,15536128
61.726,3345805312,15536128,13585408,272396288,270319616,3345805312,272396288,15536128
62.232,3346358272,15536128,13585408,272396288,270319616,3346358272,272396288,15536128
62.738,3347718144,15536128,13585408,272388096,270327808,3347718144,272388096,15536128
63.245,3345944576,15536128,13585408,272388096,270323712,3345944576,272388096,15536128
63.751,3355533312,15536128,13585408,272322560,270323712,3355533312,272322560,15536128
64.258,3355529216,15536128,13585408,272322560,270327808,3355529216,272322560,15536128
64.764,3355369472,15536128,13585408,272302080,270323712,3355369472,272302080,15536128
65.271,3355713536,15536128,13585408,272302080,270327808,3355189248,272302080,15536128
65.777,3352604672,15536128,13585408,272371712,270327808,3352604672,272371712,15536128
66.284,3352813568,15536128,13585408,272502784,270721024,3352813568,272502784,15536128
66.791,3352326144,15536128,13585408,272220160,270327808,3352326144,272220160,15536128
67.300,3352858624,15536128,13585408,272482304,270745600,3352858624,272482304,15536128
67.807,3352322048,15536128,13585408,272179200,270327808,3352322048,272179200,15536128
68.317,3352502272,15536128,13585408,272572416,270733312,3352502272,272572416,15536128
68.823,3352244224,15536128,13585408,272261120,270348288,3352244224,272261120,15536128
69.329,3352457216,15536128,13585408,272523264,270761984,3352457216,272523264,15536128
69.835,3352203264,15536128,13585408,272224256,270356480,3352203264,272224256,15536128
70.342,3352457216,15536128,13585408,272617472,270745600,3352457216,272617472,15536128
70.848,3352186880,15536128,13585408,272297984,270344192,3352203264,272297984,15536128
71.354,3351003136,15536128,13585408,271306752,269316096,3351003136,271306752,15536128
71.860,3351367680,15536128,13585408,271306752,269307904,3351367680,271306752,15536128
72.367,3351089152,15536128,13585408,271265792,269352960,3351089152,271265792,15536128
72.873,3351191552,15536128,13585408,271265792,269344768,3351191552,271265792,15536128
73.379,3351207936,15536128,13585408,271237120,269344768,3351207936,271237120,15536128
73.885,3348156416,15536128,13585408,271237120,269348864,3348156416,271237120,15536128
74.392,3348234240,15536128,13585408,271192064,269348864,3348242432,271192064,15536128
74.899,3348041728,15536128,13585408,271192064,269352960,3348041728,271192064,15536128
75.405,3348062208,15536128,13585408,271298560,269344768,3348066304,271298560,15536128
75.912,3348111360,15536128,13585408,271429632,269570048,3348111360,271429632,15536128
76.418,3348049920,15536128,13585408,271396864,269561856,3348049920,271396864,15536128
76.926,3348852736,15536128,13585408,271527936,269578240,3348852736,271527936,15536128
77.433,3347968000,15536128,13585408,271642624,269570048,3347968000,271642624,15536128
77.939,3361218560,15536128,13585408,271642624,269565952,3361218560,271642624,15536128
78.445,3361148928,15536128,13585408,271474688,269574144,3361148928,271474688,15536128
78.951,3361280000,15536128,13585408,271605760,269565952,3361280000,271605760,15536128
79.458,3348111360,15536128,13585408,271601664,269565952,3348111360,271601664,15536128
79.964,3348037632,15536128,13585408,271601664,269561856,3348037632,271601664,15536128
80.470,3348566016,15536128,13585408,271417344,269561856,3348566016,271417344,15536128
80.976,3348783104,15536128,13585408,271548416,269565952,3348783104,271548416,15536128
81.483,3348787200,15536128,13585408,271507456,269565952,3348787200,271507456,15536128
81.990,3348312064,15536128,13585408,271507456,269565952,3348312064,271507456,15536128
82.496,3361042432,15536128,13585408,271478784,269565952,3361124352,271478784,15536128
83.002,3395956736,15536128,13548544,271478784,269531136,3395170304,271478784,15536128
83.524,3430150144,15536128,13548544,271470592,269531136,3426742272,271470592,15536128
84.035,3519856640,15536128,13547520,271470592,269520896,3518808064,271470592,15536128
84.554,3592327168,15536128,13548544,271466496,269530112,3587674112,271466496,15536128
85.068,3571273728,15536128,13548544,271466496,269530112,3572969472,271466496,15536128
85.581,3585413120,15536128,13548544,271552512,269538304,3585417216,271552512,15536128
86.091,3591012352,15536128,13521920,271261696,269296640,3590750208,271261696,15536128
86.600,3375775744,15536128,13538304,271347712,269310976,3375775744,271347712,15536128
87.106,3388661760,15536128,13538304,271347712,269310976,3388661760,271347712,15536128
87.614,3388858368,15536128,13538304,271286272,269310976,3388858368,271286272,15536128
88.126,3482042368,15536128,13538304,271286272,269310976,3482042368,271286272,15536128
88.636,3375706112,15536128,13538304,271269888,269310976,3375706112,271269888,15536128
89.142,3375697920,15536128,13538304,271269888,269310976,3375697920,271269888,15536128
89.648,3375816704,15536128,13538304,271368192,269310976,3375816704,271368192,15536128
90.193,3376283648,15536128,13538304,271368192,269315072,3376283648,271368192,15536128
90.699,3336531968,15536128,13585408,271314944,269357056,3336531968,271314944,15536128
91.205,3336409088,15536128,13585408,271314944,269357056,3336409088,271314944,15536128
91.711,3349422080,15536128,13585408,271302656,269365248,3349422080,271302656,15536128
92.218,3349544960,15536128,13585408,271302656,269463552,3349544960,271302656,15536128
92.724,3336126464,15536128,13585408,271421440,269471744,3336126464,271421440,15536128
93.231,3336310784,15536128,13585408,271421440,269463552,3336310784,271421440,15536128
93.737,3335991296,15536128,13585408,271339520,269463552,3335991296,271339520,15536128
94.243,3336069120,15536128,13585408,271339520,269463552,3336069120,271339520,15536128
94.750,3337576448,15536128,13585408,271392768,269467648,3337576448,271392768,15536128
95.256,3337146368,15536128,13585408,271523840,269467648,3337146368,271523840,15536128
95.762,3338555392,15536128,13585408,271495168,269467648,3338555392,271495168,15536128
96.268,3348189184,15536128,13585408,271495168,269467648,3348189184,271495168,15536128
96.775,3336675328,15536128,13585408,271581184,269500416,3336675328,271581184,15536128
97.281,3336663040,15536128,13585408,271581184,269496320,3336663040,271581184,15536128
97.789,3347546112,15536128,13585408,271413248,269496320,3348033536,271413248,15536128
98.296,3345788928,15536128,13585408,271544320,269496320,3345788928,271544320,15536128
98.802,3345457152,15536128,13585408,271486976,269504512,3345457152,271486976,15536128
99.308,3345313792,15536128,13585408,271486976,269504512,3345313792,271486976,15536128
99.817,3345612800,15536128,13585408,271470592,269537280,3345612800,271470592,15536128
100.324,3345580032,15536128,13585408,271470592,269529088,3345580032,271470592,15536128
100.831,3345350656,15536128,13585408,271437824,269537280,3345350656,271437824,15536128
101.337,3345522688,15536128,13585408,271437824,269529088,3345522688,271437824,15536128
101.843,3345723392,15536128,13585408,271564800,269537280,3345723392,271564800,15536128
102.350,3338235904,15536128,13585408,271564800,269438976,3338244096,271564800,15536128
102.857,3337936896,15536128,13585408,271392768,269447168,3337940992,271392768,15536128
103.363,3337928704,15536128,13585408,271392768,269438976,3337928704,271392768,15536128
103.869,3336278016,15536128,13585408,271319040,269447168,3336278016,271319040,15536128
104.376,3336704000,15536128,13585408,271319040,269438976,3336704000,271319040,15536128
104.882,3336720384,15536128,13585408,271290368,269447168,3336720384,271290368,15536128
105.388,3349786624,15536128,13585408,271290368,269438976,3349786624,271290368,15536128
105.894,3349602304,15536128,13585408,271372288,269447168,3349602304,271372288,15536128
106.401,3349716992,15536128,13585408,271503360,269438976,3349774336,271503360,15536128
106.907,3349671936,15536128,13585408,271462400,269447168,3349671936,271462400,15536128
107.413,3349655552,15536128,13585408,271462400,269438976,3349655552,271462400,15536128
107.919,3336642560,15536128,13585408,271327232,269447168,3336704000,271327232,15536128
108.427,3336970240,15536128,13585408,271327232,269836288,3336736768,271327232,15536128
108.934,3338227712,15536128,13585408,271290368,269455360,3338227712,271290368,15536128
109.440,3346931712,15536128,13585408,271945728,270188544,3346931712,271945728,15536128
109.946,3346427904,15536128,13585408,271679488,269778944,3346427904,271679488,15536128
110.453,3346296832,15536128,13585408,272072704,269787136,3346681856,272072704,15536128
110.959,3343212544,15536128,13585408,271802368,269799424,3343212544,271802368,15536128
111.465,3343556608,15536128,13585408,271781888,269803520,3343556608,271781888,15536128
111.972,3343314944,15536128,13585408,271781888,269811712,3343314944,271781888,15536128
112.479,3343101952,15536128,13585408,271749120,269819904,3343101952,271749120,15536128
112.988,3343302656,15536128,13585408,271749120,269815808,3343302656,271749120,15536128
113.494,3343134720,15536128,13585408,271859712,269819904,3343134720,271859712,15536128
114.002,3343249408,15536128,13585408,271859712,269815808,3343249408,271859712,15536128
114.508,3343110144,15536128,13585408,271818752,269819904,3343110144,271818752,15536128
115.015,3343044608,15536128,13585408,271818752,269824000,3343044608,271818752,15536128
115.521,3343142912,15536128,13585408,271765504,269828096,3343142912,271765504,15536128
116.027,3343081472,15536128,13585408,271765504,269824000,3343081472,271765504,15536128
116.533,3343183872,15536128,13585408,271855616,269828096,3343183872,271855616,15536128
117.040,3343323136,15536128,13585408,271855616,269840384,3343323136,271855616,15536128
117.546,3343159296,15536128,13585408,271810560,269844480,3343163392,271810560,15536128
118.053,3343347712,15536128,13585408,271810560,269844480,3343347712,271810560,15536128
118.560,3343228928,15536128,13585408,271757312,269844480,3343228928,271757312,15536128
119.066,3343142912,15536128,13585408,271757312,269852672,3343142912,271757312,15536128
119.573,3342647296,15536128,13585408,271560704,269524992,3342647296,271560704,15536128
120.079,3342856192,15536128,13585408,271560704,269524992,3342856192,271560704,15536128
120.585,3339747328,15536128,13585408,271560704,269524992,3339747328,271560704,15536128
121.093,3339685888,15536128,13585408,271560704,269524992,3339685888,271560704,15536128
121.600,3339481088,15536128,13585408,271384576,269524992,3339481088,271384576,15536128
122.106,3339390976,15536128,13585408,271384576,269524992,3339390976,271384576,15536128
122.620,3339517952,15536128,13585408,271470592,269524992,3339517952,271470592,15536128
123.128,3339894784,15536128,13585408,271470592,269524992,3339694080,271470592,15536128
123.635,3339710464,15536128,13585408,271560704,269529088,3339710464,271560704,15536128
124.143,3339898880,15536128,13585408,271560704,269529088,3339898880,271560704,15536128
124.649,3339980800,15536128,13585408,271507456,269529088,3339980800,271507456,15536128
125.155,3339927552,15536128,13585408,271507456,269529088,3339927552,271507456,15536128
125.661,3339984896,15536128,13585408,271458304,269529088,3339984896,271458304,15536128
126.167,3339931648,15536128,13585408,271458304,269529088,3339931648,271458304,15536128
126.673,3339816960,15536128,13585408,271523840,269529088,3339816960,271523840,15536128
127.180,3340148736,15536128,13585408,271523840,269529088,3339886592,271523840,15536128
127.686,3339948032,15536128,13585408,271470592,269529088,3339948032,271470592,15536128
128.193,3339862016,15536128,13585408,271470592,269533184,3339862016,271470592,15536128
128.699,3339997184,15536128,13585408,271454208,269533184,3339997184,271454208,15536128
129.205,3339882496,15536128,13585408,271454208,269533184,3339882496,271454208,15536128
129.711,3339956224,15536128,13585408,271572992,269533184,3339956224,271572992,15536128
130.218,3339886592,15536128,13585408,271572992,269533184,3339886592,271572992,15536128
130.725,3339755520,15536128,13585408,271532032,269537280,3339755520,271532032,15536128
131.232,3339919360,15536128,13585408,271532032,269557760,3339919360,271532032,15536128
131.738,3339972608,15536128,13585408,271486976,269557760,3339972608,271486976,15536128
132.244,3339993088,15536128,13585408,271486976,269565952,3339993088,271486976,15536128
132.751,3340095488,15536128,13585408,271568896,269574144,3340095488,271568896,15536128
133.257,3339911168,15536128,13585408,271568896,269570048,3339911168,271568896,15536128
133.763,3339997184,15536128,13585408,271503360,269570048,3339997184,271503360,15536128
134.269,3339919360,15536128,13585408,271503360,269570048,3339919360,271503360,15536128
134.775,3340025856,15536128,13585408,271597568,269570048,3340025856,271597568,15536128
135.281,3340050432,15536128,13585408,271597568,269570048,3340050432,271597568,15536128
135.787,3340075008,15536128,13585408,271556608,269574144,3340075008,271556608,15536128
136.294,3340140544,15536128,13585408,271556608,269574144,3339878400,271556608,15536128
136.800,3340193792,15536128,13585408,271499264,269602816,3340193792,271499264,15536128
137.306,3339988992,15536128,13585408,271499264,269598720,3339988992,271499264,15536128
137.813,3340087296,15536128,13585408,271589376,269602816,3340087296,271589376,15536128
138.319,3340214272,15536128,13585408,271589376,269602816,3340214272,271589376,15536128
138.826,3340296192,15536128,13585408,271564800,269611008,3340296192,271564800,15536128
139.337,3340169216,15536128,13585408,271564800,269611008,3340169216,271564800,15536128
139.843,3340259328,15536128,13585408,271564800,269611008,3340259328,271564800,15536128
140.350,3340197888,15536128,13585408,271564800,269611008,3340197888,271564800,15536128
140.856,3340046336,15536128,13585408,271536128,269611008,3340046336,271536128,15536128
141.362,3340017664,15536128,13585408,271536128,269611008,3340017664,271536128,15536128
141.868,3339890688,15536128,13585408,271515648,269611008,3339890688,271515648,15536128
142.376,3340025856,15536128,13585408,271515648,269611008,3340029952,271515648,15536128
142.882,3339902976,15536128,13585408,271507456,269611008,3339902976,271507456,15536128
143.388,3339939840,15536128,13585408,271507456,269611008,3339939840,271507456,15536128
143.894,3339763712,15536128,13585408,271618048,269611008,3339763712,271618048,15536128
144.400,3339694080,15536128,13585408,271618048,269627392,3339694080,271618048,15536128
144.906,3339776000,15536128,13585408,271618048,269611008,3339776000,271618048,15536128
145.415,3339730944,15536128,13585408,271618048,269611008,3339730944,271618048,15536128
145.922,3339862016,15536128,13585408,271593472,269611008,3339862016,271593472,15536128
146.428,3340017664,15536128,13585408,271593472,269611008,3340017664,271593472,15536128
146.934,3339866112,15536128,13585408,271589376,269611008,3339866112,271589376,15536128
147.440,3339796480,15536128,13585408,271589376,269611008,3339796480,271589376,15536128
147.946,3339931648,15536128,13585408,271560704,269611008,3339939840,271560704,15536128
148.452,3340083200,15536128,13585408,271560704,269611008,3340083200,271560704,15536128
148.958,3339927552,15536128,13585408,271667200,269619200,3339927552,271667200,15536128
149.464,3339866112,15536128,13585408,271667200,269619200,3339866112,271667200,15536128
149.970,3339952128,15536128,13585408,271642624,269619200,3339952128,271642624,15536128
150.476,3339853824,15536128,13585408,271642624,269619200,3339853824,271642624,15536128
150.983,3339968512,15536128,13585408,271462400,269623296,3339968512,271462400,15536128
151.489,3339833344,15536128,13585408,271593472,269627392,3339833344,271593472,15536128
151.995,3339919360,15536128,13585408,271556608,269635584,3339927552,271556608,15536128
152.501,3340070912,15536128,13585408,271556608,269635584,3340070912,271556608,15536128
153.007,3339943936,15536128,13585408,271634432,269639680,3339943936,271634432,15536128
153.513,3340025856,15536128,13585408,271634432,269639680,3340025856,271634432,15536128
154.019,3283165184,15536128,13585408,271597568,269639680,3283165184,271597568,15536128
154.528,3285364736,15536128,13585408,271597568,269643776,3284652032,271597568,15536128
155.037,3279081472,15536128,13585408,271683584,269651968,3279081472,271683584,15536128
155.543,3280035840,15536128,13585408,271683584,269651968,3280035840,271683584,15536128
156.050,3280384000,15536128,13585408,271638528,269651968,3280384000,271638528,15536128
156.556,3280527360,15536128,13585408,271638528,269717504,3280265216,271638528,15536128
157.062,3280363520,15536128,13585408,271585280,269668352,3280363520,271585280,15536128
157.568,3283185664,15536128,13585408,271847424,270082048,3283185664,271847424,15536128
158.075,3284238336,15536128,13585408,271646720,269668352,3284238336,271646720,15536128
158.581,3284447232,15536128,13585408,271593472,269672448,3284447232,271593472,15536128
159.087,3284586496,15536128,13585408,271593472,269668352,3284586496,271593472,15536128
159.593,3285372928,15536128,13585408,271540224,269672448,3285372928,271540224,15536128
160.099,3297148928,15536128,13585408,271540224,269668352,3297148928,271540224,15536128
160.605,3297370112,15536128,13585408,271609856,269672448,3297370112,271609856,15536128
161.112,3297349632,15536128,13585408,271609856,269668352,3297349632,271609856,15536128
161.618,3287527424,15536128,13585408,271679488,269672448,3287535616,271679488,15536128
162.124,3287506944,15536128,13585408,271679488,269905920,3287506944,271679488,15536128
162.630,3287752704,15536128,13585408,271888384,269914112,3287752704,271888384,15536128
163.137,3287740416,15536128,13585408,271888384,269910016,3287740416,271888384,15536128
163.643,3288535040,15536128,13585408,271990784,269914112,3288535040,271990784,15536128
164.149,3288518656,15536128,13585408,271990784,269910016,3288518656,271990784,15536128
164.655,3289640960,15536128,13585408,271818752,269914112,3289640960,271818752,15536128
165.161,3289628672,15536128,13585408,271949824,269910016,3289628672,271949824,15536128
165.668,3291172864,15536128,13585408,271921152,269922304,3291172864,271921152,15536128
166.174,3291099136,15536128,13585408,271921152,269910016,3291099136,271921152,15536128
166.680,3290828800,15536128,13585408,272007168,269910016,3290836992,272007168,15536128
167.187,3290820608,15536128,13585408,272007168,269910016,3290820608,272007168,15536128
167.693,3291918336,15536128,13585408,271998976,269910016,3291918336,271998976,15536128
168.199,3292172288,15536128,13585408,271998976,269914112,3292172288,271998976,15536128
168.705,3293278208,15536128,13585408,271970304,269918208,3293278208,271970304,15536128
169.212,3293270016,15536128,13585408,271970304,269918208,3293270016,271970304,15536128
169.718,3295535104,15536128,13585408,271900672,269918208,3295535104,271900672,15536128
170.223,3295526912,15536128,13585408,271900672,269918208,3295526912,271900672,15536128
170.730,3296620544,15536128,13585408,271876096,269918208,3296620544,271876096,15536128
171.236,3296874496,15536128,13585408,271876096,269918208,3296874496,271876096,15536128
171.743,3296907264,15536128,13585408,271953920,269922304,3296907264,271953920,15536128
172.249,3296665600,15536128,13585408,271659008,269717504,3296665600,271659008,15536128
172.755,3296755712,15536128,13585408,271630336,269746176,3296755712,271630336,15536128
173.262,3296698368,15536128,13585408,271630336,269733888,3296698368,271630336,15536128
173.768,3296727040,15536128,13585408,271753216,269733888,3296727040,271753216,15536128
174.275,3297144832,15536128,13585408,272146432,270233600,3297144832,272146432,15536128
174.782,3297136640,15536128,13585408,272216064,270229504,3297202176,272216064,15536128
175.288,3297501184,15536128,13585408,272216064,270233600,3297501184,272216064,15536128
175.798,3297357824,15536128,13585408,272150528,270245888,3297357824,272150528,15536128
176.306,3297947648,15536128,13585408,272150528,270245888,3297947648,272150528,15536128
176.812,3297894400,15536128,13585408,272130048,270278656,3297894400,272130048,15536128
177.323,3297873920,15536128,13585408,272130048,270266368,3297873920,272130048,15536128
177.829,3298066432,15536128,13585408,272248832,270360576,3298066432,272248832,15536128
178.336,3310194688,15536128,13585408,272248832,270360576,3310501888,272248832,15536128
178.842,3309158400,15536128,13585408,272220160,270376960,3309158400,272220160,15536128
179.348,3309625344,15536128,13585408,272220160,270372864,3309625344,272220160,15536128
179.854,3309441024,15536128,13585408,272318464,270372864,3309441024,272318464,15536128
180.360,3309412352,15536128,13585408,272318464,270368768,3309412352,272318464,15536128
180.866,3309473792,15536128,13585408,272429056,270368768,3309473792,272429056,15536128
181.372,3309613056,15536128,13585408,272261120,270393344,3309613056,272261120,15536128
181.879,3309416448,15536128,13585408,272347136,270393344,3309416448,272347136,15536128
182.385,3309809664,15536128,13585408,272347136,270393344,3309924352,272347136,15536128
182.891,3299135488,15536128,13585408,272429056,270393344,3299135488,272429056,15536128
183.397,3299250176,15536128,13585408,272429056,270401536,3299250176,272429056,15536128
183.903,3299282944,15536128,13585408,272367616,270409728,3299282944,272367616,15536128
184.410,3299274752,15536128,13585408,272367616,270393344,3299274752,272367616,15536128
184.916,3299315712,15536128,13585408,272330752,270397440,3299315712,272330752,15536128
185.423,3299385344,15536128,13585408,272330752,270397440,3299553280,272330752,15536128
185.929,3299663872,15536128,13585408,272441344,270397440,3299676160,272441344,15536128
186.436,3299647488,15536128,13585408,272441344,270397440,3299647488,272441344,15536128
186.942,3300913152,15536128,13585408,272281600,270397440,3300913152,272281600,15536128
187.448,3303084032,15536128,13585408,272281600,270397440,3303084032,272281600,15536128
187.954,3315892224,15536128,13585408,272257024,270397440,3315892224,272257024,15536128
188.460,3314233344,15536128,13585408,272257024,270397440,3314233344,272257024,15536128
188.966,3312304128,15536128,13585408,272379904,270401536,3312050176,272379904,15536128
189.473,3312795648,15536128,13585408,272379904,270413824,3312795648,272379904,15536128
189.979,3312738304,15536128,13585408,272359424,270413824,3312738304,272359424,15536128
190.487,3313106944,15536128,13585408,272359424,270426112,3312971776,272359424,15536128
190.993,3312955392,15536128,13585408,272420864,270430208,3312955392,272420864,15536128
191.499,3321769984,15536128,13585408,272015360,269905920,3321769984,272015360,15536128
192.005,3321626624,15536128,13585408,271867904,269918208,3321626624,271867904,15536128
192.511,3321585664,15536128,13585408,271867904,269922304,3321585664,271867904,15536128
193.017,3321417728,15536128,13585408,271949824,269942784,3321417728,271949824,15536128
193.523,3321380864,15536128,13585408,271949824,269930496,3321380864,271949824,15536128
194.029,3321638912,15536128,13585408,271921152,269922304,3321638912,271921152,15536128
194.536,3321610240,15536128,13585408,271921152,269922304,3321618432,271921152,15536128
195.042,3312574464,15536128,13585408,272031744,269930496,3312574464,272031744,15536128
195.548,3312549888,15536128,13585408,272031744,269930496,3312549888,272031744,15536128
196.054,3312603136,15536128,13585408,271896576,269934592,3312603136,271896576,15536128
196.560,3312570368,15536128,13585408,271896576,269934592,3312570368,271896576,15536128
197.066,3312852992,15536128,13585408,271872000,269967360,3312852992,271872000,15536128
197.572,3312574464,15536128,13585408,271872000,269967360,3312574464,271872000,15536128
198.079,3312615424,15536128,13585408,271831040,269971456,3312615424,271831040,15536128
198.585,3312607232,15536128,13585408,271831040,269971456,3312607232,271831040,15536128
199.091,3312689152,15536128,13585408,272039936,269983744,3312689152,272039936,15536128
199.597,3312680960,15536128,13585408,272039936,269983744,3312680960,272039936,15536128
200.103,3312480256,15536128,13585408,271892480,269983744,3312480256,271892480,15536128
200.609,3312734208,15536128,13585408,271892480,269983744,3312734208,271892480,15536128
201.115,3313831936,15536128,13585408,273154048,271355904,3313848320,273154048,15536128
201.621,3313291264,15536128,13585408,272785408,270835712,3313291264,272785408,15536128
202.127,3313586176,15536128,13585408,272764928,270835712,3313590272,272764928,15536128
202.633,3313577984,15536128,13585408,272764928,270835712,3313577984,272764928,15536128
203.140,3313373184,15536128,13585408,272728064,270839808,3313373184,272728064,15536128
203.646,3313610752,15536128,13585408,272728064,270839808,3313610752,272728064,15536128
204.152,3313414144,15536128,13585408,272719872,270835712,3313414144,272719872,15536128
204.658,3313405952,15536128,13585408,272719872,270835712,3313405952,272719872,15536128
205.165,3313729536,15536128,13585408,272711680,270839808,3313729536,272711680,15536128
205.670,3313983488,15536128,13585408,273104896,271241216,3313983488,273104896,15536128
206.176,3313442816,15536128,13585408,272793600,270839808,3313442816,272793600,15536128
206.683,3313795072,15536128,13585408,273186816,271216640,3313795072,273186816,15536128
207.189,3313569792,15536128,13585408,272883712,270839808,3313569792,272883712,15536128
207.694,3313786880,15536128,13585408,273145856,271241216,3313786880,273145856,15536128
208.200,3313582080,15536128,13585408,272744448,270839808,3313582080,272744448,15536128
208.706,3314077696,15536128,13585408,273006592,271228928,3314077696,273006592,15536128
209.212,3313614848,15536128,13585408,272695296,270843904,3313631232,272695296,15536128
209.718,3313868800,15536128,13585408,273088512,271241216,3313868800,273088512,15536128
210.224,3313401856,15536128,13585408,272908288,270848000,3313401856,272908288,15536128
210.731,3313917952,15536128,13585408,273039360,271233024,3313917952,273039360,15536128
211.237,3313696768,15536128,13585408,272809984,270999552,3313696768,272809984,15536128
211.743,3313369088,15536128,13585408,272764928,270848000,3313369088,272764928,15536128
212.249,3313389568,15536128,13585408,272465920,270479360,3313397760,272465920,15536128
212.755,3313393664,15536128,13585408,273080320,270725120,3313868800,273080320,15536128
213.261,3313483776,15536128,13585408,272687104,270647296,3313483776,272687104,15536128
213.767,3313451008,15536128,13601792,272732160,270802944,3313451008,272732160,15536128
214.273,3313590272,15536128,13601792,272805888,270893056,3313590272,272805888,15536128
214.780,3313659904,15536128,13601792,272916480,270880768,3313659904,272916480,15536128
215.286,3314294784,15536128,13601792,272998400,270917632,3314294784,272998400,15536128
215.792,3314397184,15536128,13618176,272793600,270872576,3314401280,272793600,15536128
216.298,3314446336,15536128,13630464,272793600,270868480,3314446336,272793600,15536128
216.804,3314548736,15536128,13630464,272998400,271077376,3314548736,272998400,15536128
217.310,3314626560,15536128,13642752,272998400,271036416,3314626560,272998400,15536128
217.816,3314778112,15536128,13659136,272961536,271114240,3314778112,272961536,15536128
218.322,3314601984,15667200,13667328,273092608,271065088,3314601984,273092608,15667200
218.828,3314688000,15667200,13667328,273047552,271077376,3314688000,273047552,15667200
219.334,3314835456,15667200,13667328,273047552,271069184,3314835456,273047552,15667200
219.840,3314909184,15667200,13667328,273035264,271085568,3314909184,273035264,15667200
220.347,3314794496,15667200,13667328,273035264,271069184,3314794496,273035264,15667200
220.853,3314831360,15667200,13667328,273035264,271085568,3314839552,273035264,15667200
221.359,3314728960,15667200,13667328,273035264,271069184,3314728960,273035264,15667200
221.865,3314790400,15667200,13667328,273010688,271085568,3314790400,273010688,15667200
222.371,3314655232,15667200,13683712,273010688,271069184,3314921472,273010688,15667200
222.877,3314999296,15667200,13683712,272965632,271085568,3314999296,272965632,15667200
223.383,3315613696,15667200,13683712,273096704,271085568,3315613696,273096704,15667200
223.889,3315949568,15667200,13683712,273207296,271101952,3315949568,273207296,15667200
224.395,3315785728,15667200,13683712,273207296,271085568,3315785728,273207296,15667200
224.901,3315580928,15667200,13683712,273166336,271101952,3315580928,273166336,15667200
225.407,3315499008,15667200,13683712,273166336,271085568,3315499008,273166336,15667200
225.913,3315818496,15667200,13683712,272990208,271101952,3315818496,272990208,15667200
226.419,3315724288,15667200,13683712,272990208,271085568,3315724288,272990208,15667200
226.925,3315830784,15667200,13683712,272969728,271101952,3315830784,272969728,15667200
227.430,3315744768,15667200,13683712,272969728,271085568,3315744768,272969728,15667200
227.936,3315634176,15667200,13683712,272904192,270921728,3315634176,272904192,15667200
228.442,3315728384,15667200,13683712,272904192,270897152,3315728384,272904192,15667200
228.948,3315601408,15667200,13683712,272990208,270921728,3315601408,272990208,15667200
229.454,3315470336,15667200,13683712,272990208,270897152,3315511296,272990208,15667200
229.960,3315605504,15667200,13683712,272822272,270921728,3315605504,272822272,15667200
230.466,3315707904,15667200,13683712,272822272,270897152,3315707904,272822272,15667200
230.972,3315834880,15667200,13683712,272818176,270921728,3315834880,272818176,15667200
231.478,3315666944,15667200,13683712,272818176,270888960,3315679232,272818176,15667200
231.984,3315773440,15667200,13683712,272904192,270999552,3315773440,272904192,15667200
232.490,3315871744,15667200,13683712,272904192,270999552,3315871744,272904192,15667200
232.996,3316776960,15667200,13683712,273035264,270999552,3316776960,273035264,15667200
233.502,3316609024,15667200,13683712,273035264,270999552,3316609024,273035264,15667200
234.008,3316682752,15667200,13683712,273018880,270999552,3316682752,273018880,15667200
234.517,3316793344,15667200,13683712,273018880,270999552,3316793344,273018880,15667200
235.023,3316924416,15667200,13683712,273018880,271011840,3316924416,273018880,15667200
235.531,3316752384,15667200,13683712,273018880,271011840,3316752384,273018880,15667200
236.038,3316826112,15667200,13683712,273117184,271020032,3316854784,273117184,15667200
236.546,3316965376,15667200,13683712,273117184,271020032,3316703232,273117184,15667200
237.053,3316760576,15667200,13683712,273063936,271020032,3316760576,273063936,15667200
237.561,3316895744,15667200,13691904,272932864,271020032,3316895744,272932864,15667200
238.067,3316932608,15667200,13691904,272879616,271024128,3316932608,272879616,15667200
238.577,3317055488,15667200,13691904,272879616,271028224,3317075968,272879616,15667200
239.082,3316883456,15667200,13691904,272982016,271028224,3316883456,272982016,15667200
239.589,3317006336,15667200,13691904,272982016,271028224,3317035008,272982016,15667200
240.095,3316838400,15667200,13691904,272949248,271028224,3316838400,272949248,15667200
240.604,3317248000,15667200,13691904,272949248,271028224,3317055488,272949248,15667200
241.111,3317047296,15667200,13691904,272904192,271028224,3317047296,272904192,15667200
241.630,3317157888,15667200,13691904,272904192,271028224,3317231616,272904192,15667200
242.144,3317760000,15667200,13691904,272875520,271028224,3317760000,272875520,15667200
242.663,3317878784,15667200,13691904,272875520,271028224,3317882880,272875520,15667200
243.182,3317964800,15667200,13691904,272953344,271028224,3317964800,272953344,15667200
243.693,3317841920,15667200,13691904,272953344,271028224,3317841920,272953344,15667200
244.200,3317915648,15667200,13691904,272941056,271032320,3317915648,272941056,15667200
244.710,3318026240,15667200,13691904,272941056,271032320,3318026240,272941056,15667200
245.216,3318099968,15667200,13691904,272932864,271032320,3318099968,272932864,15667200
245.726,3317940224,15667200,13691904,272932864,271032320,3317944320,272932864,15667200
246.232,3318226944,15667200,13691904,273027072,271036416,3318226944,273027072,15667200
246.738,3318108160,15667200,13691904,273027072,271036416,3318177792,273027072,15667200
247.245,3318173696,15667200,13691904,273010688,271036416,3318173696,273010688,15667200
247.751,3319390208,15667200,13691904,273948672,272060416,3319390208,273948672,15667200
248.257,3319140352,15667200,13691904,273940480,272064512,3319140352,273940480,15667200
248.763,3319353344,15667200,13691904,273940480,272064512,3319353344,273940480,15667200
249.270,3319365632,15667200,13691904,274067456,272064512,3319365632,274067456,15667200
249.776,3319312384,15667200,13691904,274067456,272064512,3319312384,274067456,15667200
250.283,3319304192,15667200,13691904,274149376,272064512,3319304192,274149376,15667200
250.789,3319787520,15667200,13691904,274411520,272470016,3319787520,274411520,15667200
251.295,3320315904,15667200,13691904,273952768,272064512,3320315904,273952768,15667200
251.801,3320791040,15667200,13691904,274345984,272482304,3320528896,274345984,15667200
252.308,3320377344,15667200,13691904,274038784,272084992,3320377344,274038784,15667200
252.814,3320819712,15667200,13691904,274432000,272498688,3320819712,274432000,15667200
253.320,3320279040,15667200,13691904,274006016,272080896,3320279040,274006016,15667200
253.826,3320737792,15667200,13691904,274399232,272506880,3320737792,274399232,15667200
254.332,3320463360,15667200,13691904,274096128,272089088,3320463360,274096128,15667200
254.838,3320913920,15667200,13691904,274358272,272482304,3320913920,274358272,15667200
255.345,3320410112,15667200,13691904,274051072,272093184,3320410112,274051072,15667200
255.852,3320881152,15667200,13691904,274313216,272535552,3320881152,274313216,15667200
256.358,3320619008,15667200,13691904,274006016,272097280,3320619008,274006016,15667200
256.864,3320717312,15667200,13691904,274006016,272134144,3320717312,274006016,15667200
257.370,3320549376,15667200,13691904,274006016,272097280,3320549376,274006016,15667200
257.876,3319582720,15667200,13691904,273063936,271069184,3319582720,273063936,15667200
258.383,3319406592,15667200,13691904,273063936,271032320,3319406592,273063936,15667200
258.889,3319484416,15667200,13691904,273018880,271052800,3319484416,273018880,15667200
259.395,3319627776,15667200,13691904,273018880,271032320,3319627776,273018880,15667200
259.901,3319685120,15667200,13691904,273145856,271052800,3319689216,273145856,15667200
260.408,3320352768,15667200,13691904,273145856,271036416,3320352768,273145856,15667200
260.918,3320156160,15667200,13691904,272986112,271056896,3320156160,272986112,15667200
261.424,3320561664,15667200,13691904,272986112,271040512,3320561664,272986112,15667200
261.931,3320393728,15667200,13691904,272965632,271056896,3320393728,272965632,15667200
262.436,3320471552,15667200,13691904,272965632,271040512,3320471552,272965632,15667200
262.942,3320324096,15667200,13691904,273072128,271056896,3320324096,273072128,15667200
263.449,3320434688,15667200,13691904,273072128,271040512,3320434688,273072128,15667200
263.955,3320520704,15667200,13691904,272936960,271056896,3320520704,272936960,15667200
264.461,3320578048,15667200,13691904,272936960,271040512,3320578048,272936960,15667200
264.967,3320692736,15667200,13691904,273068032,271056896,3320692736,273068032,15667200
265.473,3320516608,15667200,13691904,273068032,271040512,3320516608,273068032,15667200
265.979,3320610816,15667200,13691904,273031168,271048704,3320610816,273031168,15667200
266.486,3320467456,15667200,13691904,273031168,271048704,3320467456,273031168,15667200
266.992,3320856576,15667200,13691904,273006592,271044608,3320856576,273006592,15667200
267.499,3320717312,15667200,13691904,273006592,271044608,3320717312,273006592,15667200
268.005,3320848384,15667200,13691904,272977920,271048704,3320848384,272977920,15667200
268.511,3320680448,15667200,13691904,272977920,271060992,3320680448,272977920,15667200
269.017,3320774656,15667200,13691904,273088512,271065088,3320774656,273088512,15667200
269.524,3321417728,15667200,13691904,273088512,271065088,3321417728,273088512,15667200
270.029,3321520128,15667200,13691904,273043456,271065088,3321520128,273043456,15667200
270.535,3321802752,15667200,13691904,273043456,271065088,3321806848,273043456,15667200
271.041,3321659392,15667200,13691904,273002496,271065088,3321659392,273002496,15667200
271.546,3321724928,15667200,13691904,273002496,271101952,3321724928,273002496,15667200
272.052,3321872384,15667200,13691904,273080320,271114240,3321872384,273080320,15667200
272.557,3321602048,15667200,13691904,273076224,271118336,3321602048,273076224,15667200
273.063,3321729024,15667200,13691904,273068032,271122432,3321729024,273068032,15667200
273.569,3321806848,15667200,13691904,273068032,271122432,3321806848,273068032,15667200
274.075,3321933824,15667200,13691904,273162240,271126528,3321933824,273162240,15667200
274.580,3321749504,15667200,13691904,273162240,271126528,3321749504,273162240,15667200
275.086,3321843712,15667200,13691904,273137664,271138816,3321843712,273137664,15667200
275.592,3321925632,15667200,13691904,273137664,271134720,3321925632,273137664,15667200
276.097,3322003456,15667200,13691904,273252352,271134720,3322003456,273252352,15667200
276.603,3321839616,15667200,13691904,273252352,271134720,3321839616,273252352,15667200
277.111,3322212352,15667200,13691904,273063936,271147008,3322212352,273063936,15667200
277.617,3322036224,15667200,13691904,273063936,271147008,3322036224,273063936,15667200
278.122,3322126336,15667200,13691904,273141760,271151104,3322126336,273141760,15667200
278.628,3322982400,15667200,13691904,273141760,271151104,3322982400,273141760,15667200
279.134,3323990016,15667200,13691904,274399232,272314368,3323990016,274399232,15667200
279.640,3324067840,15667200,13691904,274399232,272322560,3324067840,274399232,15667200
280.145,3323899904,15667200,13691904,274247680,272318464,3323899904,274247680,15667200
280.651,3324313600,15667200,13691904,274247680,272318464,3324313600,274247680,15667200
281.156,3324178432,15667200,13691904,274227200,272322560,3324178432,274227200,15667200
281.662,3324252160,15667200,13691904,274227200,272322560,3324252160,274227200,15667200
282.168,3324387328,15667200,13691904,274292736,272322560,3324387328,274292736,15667200
282.674,3324243968,15667200,13691904,274292736,272322560,3324243968,274292736,15667200
283.180,3324121088,15667200,13691904,274227200,272326656,3324121088,274227200,15667200
283.685,3324203008,15667200,13691904,274227200,272326656,3324203008,274227200,15667200
284.191,3324329984,15667200,13691904,274358272,272326656,3324329984,274358272,15667200
284.697,3328401408,15667200,13691904,278159360,276295680,3328401408,278159360,15667200
285.202,3327610880,15667200,13691904,277680128,275660800,3327610880,277680128,15667200
285.708,3327705088,15667200,13691904,277549056,275636224,3327705088,277549056,15667200
286.213,3327946752,15667200,13691904,277532672,275648512,3327946752,277532672,15667200
286.719,3327672320,15667200,13691904,277532672,275652608,3327672320,277532672,15667200
287.224,3327922176,15667200,13691904,277520384,275652608,3327922176,277520384,15667200
287.730,3327737856,15667200,13691904,277520384,275652608,3327737856,277520384,15667200
288.236,3330482176,15667200,13691904,280068096,278122496,3330482176,280068096,15667200
288.741,3330936832,15667200,13700096,280621056,278700032,3330936832,280621056,15667200
289.247,3330838528,15667200,13700096,280592384,278740992,3330838528,280592384,15667200
289.753,3331104768,15667200,13704192,280854528,278851584,3331104768,280854528,15667200
290.259,3331031040,15667200,13732864,280723456,278790144,3331031040,280723456,15667200
290.765,3331063808,15667200,13732864,280723456,278757376,3331063808,280723456,15667200
291.271,3330965504,15667200,13732864,280563712,278765568,3330965504,280563712,15667200
291.776,3331055616,15667200,13732864,280563712,278757376,3331055616,280563712,15667200
292.282,3330932736,15667200,13732864,280682496,278765568,3330932736,280682496,15667200
292.788,3331043328,15667200,13732864,280551424,278761472,3331043328,280551424,15667200
293.293,3331211264,15667200,13732864,280666112,278765568,3331211264,280666112,15667200
293.799,3331088384,15667200,13732864,280666112,278757376,3331088384,280666112,15667200
294.305,3330908160,15667200,13732864,280612864,278691840,3330908160,280612864,15667200
294.815,3331207168,15667200,13732864,280612864,278650880,3331207168,280612864,15667200
295.320,3331219456,15667200,13732864,280604672,278659072,3331219456,280604672,15667200
295.826,3330953216,15667200,13732864,280473600,278650880,3330953216,280473600,15667200
296.332,3330957312,15667200,13732864,280580096,278654976,3330957312,280580096,15667200
296.838,3330965504,15667200,13732864,280580096,278659072,3330965504,280580096,15667200
297.343,3331072000,15667200,13732864,280555520,278671360,3331072000,280555520,15667200
297.849,3330932736,15667200,13732864,280555520,278671360,3330932736,280555520,15667200
298.355,3331067904,15667200,13732864,280657920,278671360,3331067904,280657920,15667200
298.860,3330920448,15667200,13732864,280522752,278650880,3330920448,280522752,15667200
299.366,3331174400,15667200,13732864,280514560,278654976,3331174400,280514560,15667200
299.872,3331194880,15667200,13732864,280514560,278650880,3331203072,280514560,15667200
300.377,3331084288,15667200,13732864,280748032,278654976,3331084288,280748032,15667200
300.883,3330953216,15667200,13732864,280748032,278650880,3330953216,280748032,15667200
301.389,3330854912,15667200,13732864,280604672,278659072,3330854912,280604672,15667200
301.894,3330699264,15667200,13732864,280604672,278654976,3330699264,280604672,15667200
302.400,3331096576,15667200,13732864,280473600,278659072,3331096576,280473600,15667200
302.906,3330965504,15667200,13732864,280473600,278654976,3330965504,280473600,15667200
303.415,3331112960,15667200,13732864,280592384,278659072,3331112960,280592384,15667200
303.920,3330998272,15667200,13732864,280592384,278654976,3330998272,280592384,15667200
304.426,3330879488,15667200,13732864,280588288,278659072,3330879488,280588288,15667200
304.932,3331031040,15667200,13732864,280588288,278663168,3331031040,280588288,15667200
305.442,3331350528,15667200,13731840,280449024,278659072,3331403776,280449024,15667200
305.948,3330985984,15667200,13732864,280449024,278654976,3330985984,280449024,15667200
306.454,3331100672,15667200,13732864,280555520,278659072,3331100672,280555520,15667200
306.960,3331358720,15667200,13736960,280817664,279007232,3331366912,280817664,15667200
307.466,3330940928,15667200,13736960,280666112,278663168,3330940928,280666112,15667200
307.971,3331358720,15667200,13736960,280797184,278999040,3331358720,280797184,15667200
308.477,3330936832,15667200,13736960,280514560,278663168,3330940928,280514560,15667200
308.982,3331133440,15667200,13736960,280645632,278667264,3331133440,280645632,15667200
309.488,3331231744,15667200,13736960,280645632,278659072,3331231744,280645632,15667200
309.994,3331166208,15667200,13736960,280510464,278675456,3331166208,280510464,15667200
310.499,3331002368,15667200,13736960,280510464,278671360,3331002368,280510464,15667200
311.005,3331063808,15667200,13736960,280637440,278679552,3331063808,280637440,15667200
311.510,3330981888,15667200,13736960,280637440,278671360,3330981888,280637440,15667200
312.016,3331018752,15667200,13736960,280498176,278679552,3331018752,280498176,15667200
312.521,3331067904,15667200,13736960,280498176,278675456,3331067904,280498176,15667200
313.027,3330949120,15667200,13736960,280621056,278687744,3330949120,280621056,15667200
313.533,3331129344,15667200,13736960,280621056,278683648,3331129344,280621056,15667200
314.039,3331153920,15667200,13736960,280473600,278691840,3331153920,280473600,15667200
314.544,3330985984,15667200,13736960,280473600,278683648,3330985984,280473600,15667200
315.050,3331424256,15667200,13736960,280580096,278773760,3331424256,280580096,15667200
315.556,3331211264,15667200,13736960,280580096,278704128,3331211264,280580096,15667200
316.062,3331141632,15667200,13736960,280571904,278712320,3331141632,280571904,15667200
316.567,3330957312,15667200,13736960,280571904,278712320,3330957312,280571904,15667200
317.073,3331256320,15667200,13736960,280567808,278720512,3331256320,280567808,15667200
317.579,3331174400,15667200,13736960,280567808,278712320,3331174400,280567808,15667200
318.084,3331194880,15667200,13736960,280543232,278716416,3331194880,280543232,15667200
318.590,3331129344,15667200,13736960,280543232,278716416,3331129344,280543232,15667200
319.095,3331096576,15667200,13736960,280670208,278724608,3331096576,280670208,15667200
319.601,3331076096,15667200,13736960,280670208,278720512,3331076096,280670208,15667200
320.107,3331239936,15667200,13736960,280649728,278724608,3331239936,280649728,15667200
320.612,3331125248,15667200,13736960,280649728,278720512,3331125248,280649728,15667200
321.118,3331452928,15667200,13736960,280612864,278724608,3331452928,280612864,15667200
321.623,3331440640,15667200,13736960,280612864,278720512,3331440640,280612864,15667200
322.129,3331080192,15667200,13736960,280604672,278728704,3331080192,280604672,15667200
322.635,3331067904,15667200,13736960,280604672,278724608,3331067904,280604672,15667200
323.141,3331084288,15667200,13736960,280727552,278728704,3331084288,280727552,15667200
323.646,3331035136,15667200,13736960,280727552,278724608,3331035136,280727552,15667200
324.152,3331194880,15667200,13736960,280707072,278728704,3331194880,280707072,15667200
324.657,3331088384,15667200,13736960,280707072,278724608,3331088384,280707072,15667200
325.163,3331141632,15667200,13736960,280702976,278732800,3331141632,280702976,15667200
325.669,3331137536,15667200,13736960,280702976,278728704,3331137536,280702976,15667200
326.174,3331117056,15667200,13736960,280829952,278728704,3331117056,280829952,15667200
326.680,3331108864,15667200,13736960,280829952,278728704,3331108864,280829952,15667200
327.185,3330310144,15667200,13736960,279703552,277798912,3330310144,279703552,15667200
327.691,3330424832,15667200,13736960,279703552,277901312,3330424832,279703552,15667200
328.196,3330433024,15667200,13736960,279834624,277880832,3330433024,279834624,15667200
328.702,3330387968,15667200,13736960,279834624,277942272,3330387968,279834624,15667200
329.208,3330289664,15667200,13736960,279941120,277946368,3330289664,279941120,15667200
329.713,3330236416,15667200,13736960,279941120,277950464,3330236416,279941120,15667200
330.219,3330863104,15667200,13736960,280420352,278462464,3330863104,280420352,15667200
330.725,3330818048,15667200,13736960,280289280,278450176,3330818048,280289280,15667200
331.231,3331100672,15667200,13736960,280412160,278478848,3331100672,280412160,15667200
331.737,3330973696,15667200,13736960,280281088,278446080,3331026944,280281088,15667200
332.243,3331235840,15667200,13736960,280371200,278478848,3331235840,280371200,15667200
332.749,3331133440,15667200,13736960,280371200,278458368,3331178496,280371200,15667200
333.254,3331178496,15667200,13736960,280367104,278466560,3331178496,280367104,15667200
333.760,3331092480,15667200,13736960,280231936,278462464,3331092480,280231936,15667200
334.303,3331170304,15667200,13736960,280358912,278482944,3331170304,280358912,15667200
334.809,3331321856,15667200,13736960,280358912,278482944,3331321856,280358912,15667200
335.315,3331137536,15667200,13736960,280346624,278487040,3331137536,280346624,15667200
335.820,3331051520,15667200,13736960,280346624,278474752,3331051520,280346624,15667200
336.326,3331125248,15667200,13736960,280338432,278474752,3331125248,280338432,15667200
336.832,3331055616,15667200,13736960,280338432,278482944,3331055616,280338432,15667200
337.338,3331375104,15667200,13736960,280322048,278478848,3331383296,280322048,15667200
337.843,3331080192,15667200,13736960,280113152,278343680,3331080192,280113152,15667200
338.349,3331162112,15667200,13736960,280219648,278339584,3331162112,280219648,15667200
338.882,3331084288,15667200,13736960,280219648,278339584,3331084288,280219648,15667200
339.388,3331153920,15667200,13736960,280322048,278339584,3331153920,280322048,15667200
339.894,3331092480,15667200,13736960,280190976,278335488,3331092480,280190976,15667200
340.400,3331194880,15667200,13736960,280174592,278339584,3331194880,280174592,15667200
340.905,3331149824,15667200,13736960,280174592,278335488,3331149824,280174592,15667200
341.411,3331252224,15667200,13736960,280158208,278339584,3331252224,280158208,15667200
341.917,3331207168,15667200,13736960,280158208,278335488,3331207168,280158208,15667200
342.423,3331047424,15667200,13736960,280264704,278339584,3331047424,280264704,15667200
342.928,3332780032,15667200,13736960,281812992,279953408,3332780032,281812992,15667200
343.434,3332583424,15667200,13736960,281927680,279957504,3332583424,281927680,15667200
343.940,3332763648,15667200,13736960,281927680,279953408,3332763648,281927680,15667200
344.445,3332833280,15667200,13736960,281788416,279957504,3332833280,281788416,15667200
344.951,3332771840,15667200,13736960,281788416,279953408,3332771840,281788416,15667200
345.456,3332870144,15667200,13736960,281894912,279965696,3332870144,281894912,15667200
345.962,3332825088,15667200,13736960,281894912,279961600,3332825088,281894912,15667200
346.468,3332665344,15667200,13736960,282017792,279965696,3332665344,282017792,15667200
346.974,3332620288,15667200,13736960,282017792,279961600,3332620288,282017792,15667200
347.480,3332714496,15667200,13736960,281862144,279965696,3332714496,281862144,15667200
347.985,3332931584,15667200,13736960,281862144,279961600,3332931584,281862144,15667200
348.491,3332747264,15667200,13736960,282075136,279965696,3332747264,282075136,15667200
348.997,3332702208,15667200,13736960,282075136,279961600,3332702208,282075136,15667200
349.503,3332792320,15667200,13736960,281804800,279969792,3332792320,281804800,15667200
350.009,3332710400,15667200,13736960,281804800,279969792,3332710400,281804800,15667200
350.515,3332796416,15667200,13736960,281866240,279982080,3332796416,281866240,15667200
351.022,3332997120,15667200,13736960,281866240,279973888,3332997120,281866240,15667200
351.527,3332800512,15667200,13736960,281858048,279969792,3332800512,281858048,15667200
352.033,3332734976,15667200,13736960,281858048,279969792,3332734976,281858048,15667200
352.538,3332739072,15667200,13736960,281939968,279977984,3332739072,281939968,15667200
353.044,3331100672,15667200,13736960,280256512,278384640,3331100672,280256512,15667200
353.550,3331178496,15667200,13736960,280236032,278388736,3331178496,280236032,15667200
354.056,3331076096,15667200,13736960,280367104,278384640,3331076096,280367104,15667200
354.561,3331153920,15667200,13736960,280354816,278396928,3331153920,280354816,15667200
355.066,3332636672,15667200,13736960,281739264,279789568,3332636672,281739264,15667200
355.575,3333718016,15667200,13721600,281288704,279413760,3333328896,281288704,15667200
356.080,3332493312,15667200,13736960,281550848,279785472,3332493312,281550848,15667200
356.586,3334283264,15667200,13736960,281399296,279445504,3334299648,281399296,15667200
357.107,3334434816,15667200,13736960,281661440,279793664,3334434816,281661440,15667200
357.618,3332579328,15667200,13736960,281391104,279433216,3332579328,281391104,15667200
358.123,3333029888,15667200,13736960,281784320,279801856,3333029888,281784320,15667200
358.629,3332583424,15667200,13736960,281513984,279433216,3332583424,281513984,15667200
359.135,3332767744,15667200,13736960,281329664,279445504,3332767744,281329664,15667200
359.640,3332591616,15667200,13736960,281329664,279437312,3332591616,281329664,15667200
360.146,3332509696,15667200,13736960,281296896,279445504,3332509696,281296896,15667200
360.652,3332595712,15667200,13736960,281296896,279437312,3332595712,281296896,15667200
361.157,3332800512,15667200,13736960,281403392,279445504,3332800512,281403392,15667200
361.663,3332595712,15667200,13736960,281403392,279437312,3332599808,281403392,15667200
362.169,3332829184,15667200,13736960,281391104,279445504,3332829184,281391104,15667200
362.674,3332616192,15667200,13736960,281391104,279437312,3332616192,281391104,15667200
363.180,3332460544,15667200,13736960,281231360,279441408,3332460544,281231360,15667200
363.686,3332628480,15667200,13736960,281231360,279445504,3332628480,281231360,15667200
364.191,3332829184,15667200,13736960,281321472,279441408,3332829184,281321472,15667200
364.697,3332599808,15667200,13736960,281321472,279437312,3332599808,281321472,15667200
365.202,3331555328,15667200,13736960,280346624,278568960,3331555328,280346624,15667200
365.708,3331694592,15667200,13736960,280346624,278564864,3331694592,280346624,15667200
366.214,3331792896,15667200,13736960,280576000,278568960,3331792896,280576000,15667200
366.719,3331719168,15667200,13736960,280576000,278564864,3331719168,280576000,15667200
367.225,3331813376,15667200,13736960,280420352,278568960,3331813376,280420352,15667200
367.730,3331731456,15667200,13736960,280420352,278568960,3331731456,280420352,15667200
368.235,3331592192,15667200,13736960,280412160,278573056,3331592192,280412160,15667200
368.741,3331719168,15667200,13736960,280412160,278568960,3331751936,280412160,15667200
369.247,3331723264,15667200,13736960,280403968,278577152,3331723264,280403968,15667200
369.753,3331706880,15667200,13736960,280403968,278581248,3331706880,280403968,15667200
370.258,3331710976,15667200,13736960,280535040,278589440,3331710976,280535040,15667200
370.764,3331682304,15667200,13736960,280535040,278581248,3331682304,280535040,15667200
371.270,3331944448,15667200,13736960,280522752,278589440,3331944448,280522752,15667200
371.775,3331932160,15667200,13736960,280522752,278581248,3331932160,280522752,15667200
372.281,3331649536,15667200,13736960,280502272,278589440,3331649536,280502272,15667200
372.787,3331686400,15667200,13736960,280502272,278601728,3331686400,280502272,15667200
373.293,3331956736,15667200,13736960,280494080,278622208,3331956736,280494080,15667200
373.799,3331698688,15667200,13736960,280625152,278609920,3331698688,280625152,15667200
374.304,3331944448,15667200,13736960,280465408,278614016,3331944448,280465408,15667200
374.810,3331653632,15667200,13736960,280465408,278605824,3331653632,280465408,15667200
375.316,3331891200,15667200,13736960,280576000,278614016,3331891200,280576000,15667200
375.822,3331878912,15667200,13736960,280444928,278614016,3331887104,280444928,15667200
376.327,3332128768,15667200,13736960,280440832,278614016,3332128768,280440832,15667200
376.833,3331887104,15667200,13736960,280571904,278618112,3331887104,280571904,15667200
377.339,3331739648,15667200,13736960,280674304,278618112,3331739648,280674304,15667200
377.844,3331817472,15667200,13736960,280674304,278626304,3331817472,280674304,15667200
378.350,3331690496,15667200,13736960,280510464,278622208,3331690496,280510464,15667200
378.856,3332079616,15667200,13736960,280510464,278622208,3332079616,280510464,15667200
379.362,3332075520,15667200,13736960,280616960,278622208,3332075520,280616960,15667200
379.867,3331813376,15667200,13736960,280616960,278618112,3331813376,280616960,15667200
380.373,3331817472,15667200,13736960,280473600,278622208,3331817472,280473600,15667200
380.879,3331821568,15667200,13736960,280473600,278622208,3331821568,280473600,15667200
381.384,3331715072,15667200,13736960,280440832,278638592,3331715072,280440832,15667200
381.890,3331837952,15667200,13736960,280440832,278634496,3331837952,280440832,15667200
382.396,3332104192,15667200,13736960,280551424,278642688,3332104192,280551424,15667200
382.901,3331854336,15667200,13736960,280551424,278638592,3331854336,280551424,15667200
383.407,3332120576,15667200,13736960,280543232,278646784,3332120576,280543232,15667200
383.912,3332124672,15667200,13736960,280543232,278642688,3332124672,280543232,15667200
384.418,3332132864,15667200,13736960,280621056,278646784,3332132864,280621056,15667200
384.923,3331899392,15667200,13736960,280621056,278642688,3331899392,280621056,15667200
385.429,3331899392,15667200,13736960,280604672,278646784,3331899392,280604672,15667200
385.935,3332190208,15667200,13736960,280604672,278642688,3332190208,280604672,15667200
386.441,3332460544,15667200,13736960,280461312,278646784,3332460544,280461312,15667200
386.947,3332206592,15667200,13736960,280461312,278642688,3332206592,280461312,15667200
387.453,3332333568,15667200,13736960,280580096,278646784,3332333568,280580096,15667200
387.958,3332165632,15667200,13736960,280580096,278642688,3332165632,280580096,15667200
388.464,3332341760,15667200,13736960,280563712,278650880,3332341760,280563712,15667200
388.970,3332182016,15667200,13736960,280563712,278646784,3332182016,280563712,15667200
389.475,3332427776,15667200,13736960,280518656,278654976,3332427776,280518656,15667200
389.995,3333500928,15667200,13736960,281796608,279867392,3333500928,281796608,15667200
390.504,3333644288,15667200,13736960,281870336,279871488,3333644288,281870336,15667200
391.010,3333517312,15667200,13736960,281870336,279863296,3333517312,281870336,15667200
391.515,3333660672,15667200,13736960,281714688,279871488,3333660672,281714688,15667200
392.021,3333484544,15667200,13736960,281845760,279875584,3333525504,281845760,15667200
392.527,3333877760,15667200,13736960,281845760,279900160,3333877760,281845760,15667200
393.032,3333701632,15667200,13736960,281845760,279879680,3333701632,281845760,15667200
393.538,3333795840,15667200,13736960,281681920,279891968,3333795840,281681920,15667200
394.043,3333906432,15667200,13736960,281812992,279887872,3333918720,281812992,15667200
394.550,3334017024,15667200,13736960,281812992,279883776,3334017024,281812992,15667200
395.055,3334656000,15667200,13736960,281812992,279912448,3334656000,281812992,15667200
395.560,3339517952,15667200,13703168,281792512,279864320,3339517952,281792512,15667200
396.081,3334967296,15667200,13736960,281792512,279891968,3334967296,281792512,15667200
396.586,3334942720,15667200,13736960,281784320,279896064,3334942720,281784320,15667200
397.092,3334950912,15667200,13736960,281784320,279900160,3334950912,281784320,15667200
397.597,3334823936,15667200,13736960,281915392,279904256,3334823936,281915392,15667200
398.103,3334864896,15667200,13736960,281784320,279912448,3334864896,281784320,15667200
398.609,3334729728,15667200,13736960,281878528,279912448,3334729728,281878528,15667200
399.114,3334803456,15667200,13736960,281878528,279912448,3334819840,281878528,15667200
399.620,3334930432,15667200,13736960,281710592,279912448,3334930432,281710592,15667200
400.125,3333984256,15667200,13736960,280768512,278831104,3333984256,280768512,15667200
400.631,3333857280,15667200,13736960,280748032,278831104,3333857280,280748032,15667200
401.136,3333992448,15667200,13736960,280748032,278831104,3333992448,280748032,15667200
401.642,3333881856,15667200,13736960,280850432,278831104,3333881856,280850432,15667200
402.147,3334021120,15667200,13736960,280850432,278831104,3334021120,280850432,15667200
402.653,3333894144,15667200,13736960,280829952,278831104,3333894144,280829952,15667200
403.159,3334279168,15667200,13736960,280829952,279195648,3334017024,280829952,15667200
403.664,3333894144,15667200,13736960,280915968,278831104,3333894144,280915968,15667200
404.170,3335077888,15667200,13736960,281047040,279191552,3335077888,281047040,15667200
404.675,3334922240,15667200,13736960,280645632,278831104,3334922240,280645632,15667200
405.181,3335077888,15667200,13736960,280907776,279195648,3335077888,280907776,15667200
405.687,3334946816,15667200,13736960,280772608,278831104,3334946816,280772608,15667200
406.192,3335364608,15667200,13736960,281165824,279191552,3335364608,281165824,15667200
406.698,3335221248,15667200,13736960,280887296,279019520,3335229440,280887296,15667200
407.204,3335282688,15667200,13736960,280870912,279031808,3335282688,280870912,15667200
407.709,3335225344,15667200,13736960,280870912,279027712,3335225344,280870912,15667200
408.215,3335262208,15667200,13736960,280981504,279040000,3335278592,280981504,15667200
408.721,3335221248,15667200,13736960,280981504,279027712,3335233536,280981504,15667200
409.227,3335249920,15667200,13736960,281088000,279035904,3335249920,281088000,15667200
409.732,3335184384,15667200,13736960,281088000,279035904,3335184384,281088000,15667200
410.238,3335479296,15667200,13736960,280924160,279068672,3335479296,280924160,15667200
410.743,3335438336,15667200,13736960,280924160,279056384,3335438336,280924160,15667200
411.249,3335229440,15667200,13736960,281051136,279076864,3335229440,281051136,15667200
411.754,3335663616,15667200,13736960,281051136,279056384,3335667712,281051136,15667200
412.262,3335471104,15667200,13736960,281051136,279089152,3335471104,281051136,15667200
412.768,3335569408,15667200,13736960,281051136,279089152,3335569408,281051136,15667200
413.274,3335368704,15667200,13736960,281157632,279097344,3335368704,281157632,15667200
413.780,3336286208,15667200,13736960,281157632,279085056,3336286208,281157632,15667200
414.286,3336364032,15667200,13736960,281018368,279089152,3336429568,281018368,15667200
414.792,3336491008,15667200,13736960,281018368,279085056,3336499200,281018368,15667200
415.297,3336372224,15667200,13736960,281014272,279093248,3336372224,281014272,15667200
415.803,3336450048,15667200,13736960,281014272,279093248,3336450048,281014272,15667200
416.309,3336458240,15667200,13736960,281001984,279089152,3336458240,281001984,15667200
416.815,3336429568,15667200,13736960,281001984,279093248,3336429568,281001984,15667200
417.321,3336585216,15667200,13736960,281075712,279089152,3336585216,281075712,15667200
417.826,3336658944,15667200,13736960,281075712,279101440,3336658944,281075712,15667200
418.332,3336503296,15667200,13736960,281165824,279093248,3336503296,281165824,15667200
418.838,3336601600,15667200,13736960,281165824,279093248,3336609792,281165824,15667200
419.343,3336749056,15667200,13736960,281022464,279093248,3336749056,281022464,15667200
419.849,3336593408,15667200,13736960,281022464,279089152,3336593408,281022464,15667200
420.355,3336556544,15667200,13736960,280875008,278904832,3336556544,280875008,15667200
420.860,3336650752,15667200,13736960,280875008,278900736,3336650752,280875008,15667200
421.366,3336544256,15667200,13736960,280838144,278904832,3336544256,280838144,15667200
421.872,3336421376,15667200,13736960,280838144,278900736,3336421376,280838144,15667200
422.379,3336318976,15667200,13736960,280834048,278904832,3336318976,280834048,15667200
422.885,3337478144,15667200,13736960,280834048,278900736,3337478144,280834048,15667200
423.391,3339911168,15667200,13714432,280948736,278878208,3338338304,280948736,15667200
423.896,3337338880,15667200,13736960,280948736,278900736,3337338880,280948736,15667200
424.402,3337244672,15667200,13736960,280760320,278904832,3337244672,280760320,15667200
424.907,3337105408,15667200,13736960,280891392,278900736,3337105408,280891392,15667200
425.413,3337236480,15667200,13736960,280731648,278908928,3337236480,280731648,15667200
425.919,3337318400,15667200,13736960,280862720,278921216,3337318400,280862720,15667200
426.424,3337334784,15667200,13736960,280817664,278925312,3337334784,280817664,15667200
426.930,3337351168,15667200,13736960,280817664,278921216,3337351168,280817664,15667200
427.436,3337342976,15667200,13736960,280817664,278929408,3337342976,280817664,15667200
427.941,3337371648,15667200,13736960,280817664,278929408,3337371648,280817664,15667200
428.447,3337236480,15667200,13736960,280784896,278933504,3337236480,280784896,15667200
428.953,3337359360,15667200,13736960,280784896,278929408,3337359360,280784896,15667200
429.458,3337486336,15667200,13736960,280772608,278937600,3337486336,280772608,15667200
429.964,3337371648,15667200,13736960,280772608,278937600,3337371648,280772608,15667200
430.469,3337486336,15667200,13736960,280854528,278945792,3337494528,280854528,15667200
430.975,3337318400,15667200,13736960,280854528,278937600,3337318400,280854528,15667200
431.481,3337474048,15667200,13736960,280829952,278958080,3337474048,280829952,15667200
431.987,3337449472,15667200,13736960,280829952,278945792,3337449472,280829952,15667200
432.492,3337326592,15667200,13736960,280809472,278982656,3337326592,280809472,15667200
432.998,3337633792,15667200,13736960,280809472,278962176,3337633792,280809472,15667200
433.504,3337576448,15667200,13736960,280915968,278970368,3337576448,280915968,15667200
434.011,3337248768,15667200,13736960,280784896,278962176,3337248768,280784896,15667200
434.517,3337641984,15667200,13736960,280903680,279052288,3337641984,280903680,15667200
435.024,3337494528,15667200,13736960,280903680,279068672,3337494528,280903680,15667200
435.530,3337617408,15667200,13736960,281030656,279052288,3337617408,281030656,15667200
436.036,3337449472,15667200,13736960,280899584,279052288,3337449472,280899584,15667200
436.543,3337678848,15667200,13736960,280895488,279060480,3337678848,280895488,15667200
437.049,3337666560,15667200,13736960,280895488,279060480,3337682944,280895488,15667200
437.555,3337535488,15667200,13736960,280887296,279056384,3337535488,280887296,15667200
438.065,3337904128,15667200,13736960,281018368,279166976,3337904128,281018368,15667200
438.571,3337732096,15667200,13736960,281116672,279166976,3337732096,281116672,15667200
439.078,3337592832,15667200,13736960,280985600,279166976,3337592832,280985600,15667200
439.585,3337740288,15667200,13736960,281116672,279166976,3337740288,281116672,15667200
440.098,3337625600,15667200,13736960,281116672,279166976,3337625600,281116672,15667200
440.605,3337502720,15667200,13736960,281219072,279166976,3337502720,281219072,15667200
441.112,3337895936,15667200,13736960,281219072,279171072,3337895936,281219072,15667200
441.618,3337736192,15667200,13736960,281063424,279171072,3337736192,281063424,15667200
442.133,3337846784,15667200,13736960,280932352,279171072,3337846784,280932352,15667200
442.645,3337838592,15667200,13736960,281038848,279171072,3337838592,281038848,15667200
443.152,3337859072,15667200,13736960,281038848,279171072,3337863168,281038848,15667200
443.659,3337699328,15667200,13736960,281006080,279171072,3337699328,281006080,15667200
444.165,3337572352,15667200,13736960,281006080,279171072,3337572352,281006080,15667200
444.671,3337822208,15667200,13736960,281112576,279171072,3337826304,281112576,15667200
445.178,3337826304,15667200,13736960,281112576,279171072,3337826304,281112576,15667200
445.684,3337687040,15667200,13736960,281112576,279171072,3337687040,281112576,15667200
446.190,3337797632,15667200,13736960,281112576,279171072,3337797632,281112576,15667200
446.697,3337650176,15667200,13736960,281067520,279171072,3337650176,281067520,15667200
447.203,3337764864,15667200,13736960,281067520,279171072,3337764864,281067520,15667200
447.709,3337736192,15667200,13736960,281047040,279003136,3337736192,281047040,15667200
448.215,3337601024,15667200,13736960,281047040,279003136,3337601024,281047040,15667200
448.722,3337449472,15667200,13736960,280895488,279003136,3337449472,280895488,15667200
449.228,3337584640,15667200,13736960,280895488,279003136,3337584640,280895488,15667200
449.734,3337973760,15667200,13736960,281149440,279183360,3337973760,281149440,15667200
450.240,3337830400,15667200,13736960,281149440,279187456,3337830400,281149440,15667200
450.746,3337703424,15667200,13736960,281251840,279187456,3337703424,281251840,15667200
451.252,3337838592,15667200,13736960,281251840,279199744,3337838592,281251840,15667200
451.759,3337887744,15667200,13736960,281092096,279191552,3337940992,281092096,15667200
452.265,3338305536,15667200,13736960,281485312,279588864,3337785344,281092096,15667200
452.771,3337846784,15667200,13736960,281202688,279232512,3337846784,281202688,15667200
453.278,3337801728,15667200,13736960,281333760,279224320,3338145792,281333760,15667200
453.783,3337916416,15667200,13736960,281202688,279216128,3337916416,281202688,15667200
454.290,3337801728,15667200,13736960,281169920,279228416,3337801728,281169920,15667200
454.796,3337621504,15667200,13736960,281169920,279220224,3337621504,281169920,15667200
455.302,3337875456,15667200,13736960,281157632,279228416,3337875456,281157632,15667200
455.808,3337805824,15667200,13736960,281157632,279224320,3337805824,281157632,15667200
456.315,3337854976,15667200,13736960,281272320,279228416,3337854976,281272320,15667200
456.821,3338043392,15667200,13736960,281272320,279232512,3338043392,281272320,15667200
457.327,3337793536,15667200,13736960,281264128,279232512,3337793536,281264128,15667200
457.833,3337699328,15667200,13736960,281264128,279236608,3337699328,281264128,15667200
458.339,3338018816,15667200,13736960,281104384,279236608,3338018816,281104384,15667200
458.845,3337953280,15667200,13736960,281104384,279232512,3337953280,281104384,15667200
459.351,3337977856,15667200,13736960,281231360,279240704,3337986048,281231360,15667200
459.857,3337748480,15667200,13736960,280948736,279060480,3337748480,280948736,15667200
460.363,3337822208,15667200,13736960,280928256,279068672,3337822208,280928256,15667200
460.872,3337764864,15667200,13736960,280928256,279060480,3337764864,280928256,15667200
461.378,3337592832,15667200,13736960,281059328,279068672,3337592832,281059328,15667200
461.885,3337781248,15667200,13736960,281059328,279060480,3337781248,281059328,15667200
462.391,3337814016,15667200,13736960,281059328,279076864,3337822208,281059328,15667200
462.897,3337748480,15667200,13736960,281059328,279068672,3337748480,281059328,15667200
463.403,3337793536,15667200,13736960,281190400,279080960,3337793536,281190400,15667200
463.910,3337752576,15667200,13736960,281059328,279076864,3337752576,281059328,15667200
464.416,3337646080,15667200,13736960,280903680,279080960,3337646080,280903680,15667200
464.924,3337740288,15667200,13736960,281034752,279076864,3337740288,281034752,15667200
465.430,3337793536,15667200,13736960,281026560,279089152,3337793536,281026560,15667200
465.936,3337740288,15667200,13736960,281026560,279085056,3337740288,281026560,15667200
466.442,3337883648,15667200,13736960,280879104,279089152,3337891840,280879104,15667200
466.949,3337719808,15667200,13736960,280879104,279085056,3337719808,280879104,15667200
467.456,3337748480,15667200,13736960,281001984,279085056,3337760768,281001984,15667200
467.962,3337945088,15667200,13736960,281001984,279085056,3337945088,281001984,15667200
468.468,3338117120,15667200,13736960,281001984,279089152,3338117120,281001984,15667200
468.975,3337940992,15667200,13736960,281001984,279093248,3337940992,281001984,15667200
469.481,3338649600,15667200,13736960,281649152,279838720,3338649600,281649152,15667200
469.987,3338563584,15667200,13736960,281649152,279842816,3338563584,281649152,15667200
470.494,3338842112,15667200,13736960,281743360,279859200,3338842112,281743360,15667200
471.000,3338776576,15667200,13736960,281743360,279859200,3338776576,281743360,15667200
471.506,3338567680,15667200,13736960,281833472,279867392,3338567680,281833472,15667200
472.013,3338743808,15667200,13736960,281833472,279855104,3338764288,281833472,15667200
472.520,3338743808,15667200,13736960,281817088,279859200,3338743808,281817088,15667200
473.026,3338665984,15667200,13736960,281817088,279863296,3338665984,281817088,15667200
473.533,3338821632,15667200,13736960,281817088,279863296,3338821632,281817088,15667200
474.039,3338645504,15667200,13736960,281817088,279863296,3338645504,281817088,15667200
474.546,3338964992,15667200,13736960,281784320,279867392,3338964992,281784320,15667200
475.052,3338899456,15667200,13736960,281780224,279871488,3338899456,281780224,15667200
475.558,3338641408,15667200,13736960,281780224,279871488,3338641408,281780224,15667200
476.065,3338825728,15667200,13736960,281649152,279871488,3338825728,281649152,15667200
476.571,3338887168,15667200,13736960,281751552,279887872,3338887168,281751552,15667200
477.078,3338825728,15667200,13736960,281751552,279879680,3338825728,281751552,15667200
477.584,3338874880,15667200,13736960,281739264,279879680,3338874880,281739264,15667200
478.090,3338784768,15667200,13736960,281739264,279879680,3338784768,281739264,15667200
478.597,3338842112,15667200,13736960,281853952,279879680,3338842112,281853952,15667200
479.104,3339055104,15667200,13736960,281853952,279879680,3339055104,281853952,15667200
479.610,3338141696,15667200,13736960,281067520,279183360,3338141696,281067520,15667200
480.117,3338104832,15667200,13736960,281067520,279183360,3338104832,281067520,15667200
480.624,3338186752,15667200,13736960,281055232,279183360,3338186752,281055232,15667200
481.130,3338137600,15667200,13736960,281055232,279183360,3338137600,281055232,15667200
481.637,3338252288,15667200,13736960,281133056,279187456,3338252288,281133056,15667200
482.143,3338113024,15667200,13736960,281133056,279187456,3338113024,281133056,15667200
482.649,3338178560,15667200,13736960,281133056,279244800,3338178560,281133056,15667200
483.155,3338133504,15667200,13736960,281133056,279244800,3338133504,281133056,15667200
483.662,3338145792,15667200,13736960,281112576,279244800,3338145792,281112576,15667200
484.174,3338371072,15667200,13736960,281112576,279244800,3338371072,281112576,15667200
484.680,3338190848,15667200,13736960,281190400,279244800,3338190848,281190400,15667200
485.186,3338149888,15667200,13736960,281190400,279244800,3338149888,281190400,15667200
485.693,3338240000,15667200,13736960,281169920,279244800,3338240000,281169920,15667200
486.199,3338170368,15667200,13736960,281169920,279244800,3338170368,281169920,15667200
486.705,3338244096,15667200,13736960,281149440,279248896,3338244096,281149440,15667200
487.211,3338190848,15667200,13736960,281149440,279248896,3338190848,281149440,15667200
487.717,3338264576,15667200,13736960,281149440,279248896,3338264576,281149440,15667200
488.223,3338207232,15667200,13736960,281149440,279248896,3338207232,281149440,15667200
488.729,3338219520,15667200,13736960,281255936,279248896,3338219520,281255936,15667200
489.236,3338178560,15667200,13736960,281255936,279248896,3338178560,281255936,15667200
489.742,3338526720,15667200,13736960,281235456,279269376,3338526720,281235456,15667200
490.248,3338444800,15667200,13736960,281235456,279257088,3338452992,281235456,15667200
490.755,3338936320,15667200,13736960,281878528,279937024,3338960896,281878528,15667200
491.261,3338891264,15667200,13736960,281878528,279945216,3338891264,281878528,15667200
491.768,3339145216,15667200,13736960,281874432,279945216,3339145216,281874432,15667200
492.274,3339038720,15667200,13736960,281874432,279957504,3339038720,281874432,15667200
492.780,3338768384,15667200,13736960,281845760,279969792,3338768384,281845760,15667200
493.287,3338756096,15667200,13736960,281845760,279969792,3338756096,281845760,15667200
493.794,3339034624,15667200,13736960,281968640,279977984,3339034624,281968640,15667200
494.300,3338993664,15667200,13736960,281968640,279973888,3338993664,281968640,15667200
494.807,3339218944,15667200,13736960,281935872,279977984,3339218944,281935872,15667200
495.313,3339194368,15667200,13736960,281935872,279969792,3339194368,281935872,15667200
495.820,3338969088,15667200,13736960,281911296,279977984,3338969088,281911296,15667200
496.326,3338928128,15667200,13736960,281911296,279969792,3338928128,281911296,15667200
496.833,3338956800,15667200,13736960,281894912,279994368,3338956800,281894912,15667200
497.341,3338850304,15667200,13736960,281894912,279982080,3338850304,281894912,15667200
497.848,3338969088,15667200,13736960,281870336,279998464,3338969088,281870336,15667200
498.355,3338928128,15667200,13736960,281870336,279986176,3338928128,281870336,15667200
498.862,3339210752,15667200,13736960,281849856,279994368,3339210752,281849856,15667200
499.368,3339194368,15667200,13736960,281849856,279986176,3339194368,281849856,15667200
499.874,3338919936,15667200,13736960,281980928,279994368,3338919936,281980928,15667200
500.380,3339169792,15667200,13736960,281980928,279990272,3339169792,281980928,15667200
500.886,3338969088,15667200,13736960,281837568,279998464,3338969088,281837568,15667200
501.393,3338956800,15667200,13736960,281837568,279994368,3338956800,281837568,15667200
501.899,3339280384,15667200,13736960,282087424,279998464,3339280384,282087424,15667200
502.405,3339243520,15667200,13736960,282087424,279994368,3339243520,282087424,15667200
502.911,3339022336,15667200,13736960,282062848,279998464,3339022336,282062848,15667200
503.417,3338981376,15667200,13736960,282062848,279994368,3338981376,282062848,15667200
503.923,3339264000,15667200,13736960,282062848,279998464,3339264000,282062848,15667200
504.429,3338838016,15667200,13736960,281628672,279678976,3338575872,281366528,15667200
504.936,3338371072,15667200,13736960,281329664,279330816,3338371072,281329664,15667200
505.442,3338858496,15667200,13736960,281591808,279687168,3338858496,281591808,15667200
505.948,3338633216,15667200,13736960,281182208,279334912,3338633216,281182208,15667200
506.454,3339145216,15667200,13736960,281444352,279695360,3339145216,281444352,15667200
506.961,3338657792,15667200,13736960,281182208,279334912,3338657792,281182208,15667200
507.467,3338756096,15667200,13736960,281276416,279392256,3338756096,281276416,15667200
507.973,3338907648,15667200,13736960,281276416,279388160,3338907648,281276416,15667200
508.480,3338768384,15667200,13736960,281276416,279392256,3338768384,281276416,15667200
508.986,3338637312,15667200,13736960,281276416,279392256,3338637312,281276416,15667200
509.492,3338899456,15667200,13736960,281219072,279396352,3338903552,281219072,15667200
509.999,3338612736,15667200,13736960,281219072,279396352,3338612736,281219072,15667200
510.505,3338846208,15667200,13736960,281341952,279400448,3338846208,281341952,15667200
511.011,3338846208,15667200,13736960,281341952,279396352,3338846208,281341952,15667200
511.518,3338711040,15667200,13736960,281415680,279404544,3338711040,281415680,15667200
512.024,3338792960,15667200,13736960,281284608,279412736,3338792960,281284608,15667200
512.530,3339292672,15667200,13736960,281636864,279846912,3339292672,281636864,15667200
513.036,3339083776,15667200,13736960,281636864,279826432,3339083776,281636864,15667200
513.542,3339280384,15667200,13769728,281858048,279896064,3339280384,281858048,15667200
514.048,3339718656,15798272,13773824,281968640,280010752,3339718656,281968640,15798272
514.554,3339780096,15798272,13773824,282226688,280371200,3339780096,282226688,15798272
515.060,3339874304,15798272,13786112,282202112,280342528,3339874304,282202112,15798272
515.566,3339513856,15798272,13798400,282058752,280219648,3339522048,282058752,15798272
516.073,3339718656,15798272,13798400,282046464,280231936,3339759616,282181632,15798272
516.579,3339812864,15798272,13814784,282034176,280248320,3339812864,282034176,15798272
517.085,3339935744,15798272,13814784,282165248,280236032,3339935744,282165248,15798272
517.591,3340038144,15798272,13814784,282152960,280244224,3340046336,282152960,15798272
518.098,3340611584,15798272,13827072,283045888,281112576,3340611584,283045888,15798272
518.604,3340673024,15798272,13827072,283123712,281137152,3340673024,283123712,15798272
519.111,3341426688,15798272,13843456,283942912,282017792,3341426688,283942912,15798272
519.617,3341557760,15798272,13859840,284024832,282001408,3341557760,284024832,15798272
520.123,3341680640,15798272,13859840,284024832,281976832,3341680640,284024832,15798272
520.630,3341537280,15798272,13859840,283877376,281980928,3341537280,283877376,15798272
521.136,3341676544,15798272,13859840,283877376,281976832,3341676544,283877376,15798272
521.642,3341541376,15798272,13859840,283877376,281980928,3341541376,283877376,15798272
522.149,3341680640,15798272,13859840,283877376,281976832,3341680640,283877376,15798272
522.656,3341553664,15798272,13859840,284000256,281976832,3341557760,284000256,15798272
523.162,3341672448,15798272,13872128,284000256,281976832,3341672448,284000256,15798272
523.668,3341549568,15798272,13872128,283975680,281980928,3341549568,283975680,15798272
524.174,3341631488,15798272,13872128,283975680,281980928,3341631488,283975680,15798272
524.680,3341471744,15798272,13872128,283934720,281980928,3341471744,283934720,15798272
525.186,3341553664,15798272,13872128,283934720,281980928,3341553664,283934720,15798272
525.693,3341422592,15798272,13872128,283934720,281980928,3341422592,283934720,15798272
526.199,3341778944,15798272,13872128,283934720,281980928,3341778944,283934720,15798272
526.706,3341627392,15798272,13872128,283906048,281980928,3341627392,283906048,15798272
527.212,3341561856,15798272,13872128,283906048,281980928,3341561856,283906048,15798272
527.718,3341672448,15798272,13872128,283983872,281980928,3341680640,283983872,15798272
528.225,3341828096,15798272,13872128,283983872,281980928,3341828096,283983872,15798272
528.731,3341647872,15798272,13872128,283951104,281980928,3341647872,283951104,15798272
529.237,3340230656,15798272,13872128,282673152,280682496,3340230656,282673152,15798272
529.744,3340304384,15798272,13872128,282673152,280682496,3340349440,282673152,15798272
530.250,3340480512,15798272,13872128,282673152,280682496,3340480512,282673152,15798272
530.757,3340312576,15798272,13872128,282664960,280682496,3340312576,282664960,15798272
531.263,3340214272,15798272,13872128,282664960,280690688,3340214272,282664960,15798272
531.769,3340275712,15798272,13872128,282607616,280682496,3340275712,282607616,15798272
532.276,3340206080,15798272,13872128,282607616,280690688,3340206080,282607616,15798272
532.782,3340275712,15798272,13872128,282587136,280707072,3340275712,282587136,15798272
533.288,3340177408,15798272,13872128,282587136,280686592,3340177408,282587136,15798272
533.794,3340201984,15798272,13872128,282796032,280694784,3340201984,282796032,15798272
534.301,3340107776,15798272,13872128,282664960,280694784,3340107776,282664960,15798272
534.807,3340447744,15798272,13872128,282611712,280707072,3340447744,282611712,15798272
535.313,3340353536,15798272,13872128,282611712,280702976,3340353536,282611712,15798272
535.820,3340435456,15798272,13872128,282738688,280727552,3340443648,282738688,15798272
536.326,3340292096,15798272,13872128,282607616,280711168,3340292096,282607616,15798272
536.832,3340587008,15798272,13872128,282599424,280719360,3340587008,282599424,15798272
537.339,3340496896,15798272,13872128,282599424,280715264,3340496896,282599424,15798272
537.846,3340533760,15798272,13872128,282726400,280723456,3340533760,282726400,15798272
538.352,3340447744,15798272,13872128,282726400,280719360,3340447744,282726400,15798272
538.861,3340263424,15798272,13872128,282685440,280719360,3340263424,282685440,15798272
539.367,3340394496,15798272,13872128,282685440,280723456,3340398592,282685440,15798272
539.874,3340599296,15798272,13872128,282791936,280723456,3340599296,282791936,15798272
540.380,3340406784,15798272,13872128,282791936,280723456,3340406784,282791936,15798272
540.886,3340234752,15798272,13872128,282730496,280723456,3340234752,282730496,15798272
541.394,3340369920,15798272,13872128,282730496,280723456,3340369920,282730496,15798272
541.901,3340193792,15798272,13872128,282726400,280723456,3340193792,282726400,15798272
542.408,3340607488,15798272,13872128,282726400,280723456,3340607488,282726400,15798272
542.916,3340673024,15798272,13872128,282845184,280723456,3340673024,282845184,15798272
543.423,3340566528,15798272,13872128,282845184,280723456,3340566528,282845184,15798272
543.929,3340398592,15798272,13872128,282660864,280723456,3340398592,282660864,15798272
544.435,3340304384,15798272,13872128,282660864,280723456,3340304384,282660864,15798272
544.942,3340361728,15798272,13872128,282759168,280727552,3340361728,282759168,15798272
545.448,3340210176,15798272,13872128,282759168,280727552,3340210176,282759168,15798272
545.954,3340279808,15798272,13872128,282611712,280727552,3340279808,282611712,15798272
546.461,3340308480,15798272,13872128,282611712,280727552,3340308480,282611712,15798272
546.967,3340382208,15798272,13872128,282865664,280731648,3340382208,282865664,15798272
547.474,3340513280,15798272,13872128,282865664,280731648,3340513280,282865664,15798272
547.980,3340320768,15798272,13872128,282697728,280743936,3340320768,282697728,15798272
548.486,3340492800,15798272,13872128,282697728,280752128,3340492800,282697728,15798272
548.993,3340558336,15798272,13872128,282771456,280756224,3340558336,282771456,15798272
549.499,3340472320,15798272,13872128,282771456,280756224,3340472320,282771456,15798272
550.005,3340513280,15798272,13872128,282771456,280760320,3340513280,282771456,15798272
550.512,3340394496,15798272,13872128,282771456,280760320,3340394496,282771456,15798272
551.018,3340488704,15798272,13872128,282726400,280760320,3340488704,282726400,15798272
551.524,3340390400,15798272,13872128,282726400,280760320,3340390400,282726400,15798272
552.030,3340394496,15798272,13872128,282722304,280772608,3340394496,282722304,15798272
552.536,3340472320,15798272,13872128,282722304,280772608,3340472320,282722304,15798272
553.043,3340521472,15798272,13872128,282812416,280772608,3340521472,282812416,15798272
553.549,3340398592,15798272,13872128,282812416,280784896,3340398592,282812416,15798272
554.055,3340746752,15798272,13872128,282791936,280784896,3340746752,282791936,15798272
554.562,3340898304,15798272,13872128,282791936,281174016,3340644352,282791936,15798272
555.068,3340451840,15798272,13872128,282771456,280801280,3340451840,282771456,15798272
555.574,3340845056,15798272,13872128,283033600,281165824,3340845056,283033600,15798272
556.080,3340697600,15798272,13872128,282742784,280805376,3340697600,282742784,15798272
556.586,3340853248,15798272,13872128,283136000,281210880,3340853248,283136000,15798272
557.092,3340668928,15798272,13872128,282849280,280899584,3340668928,282849280,15798272
557.598,3341078528,15798272,13872128,283111424,281284608,3341078528,283111424,15798272
558.105,3340894208,15798272,13872128,282845184,280899584,3340894208,282845184,15798272
558.611,3339857920,15798272,13872128,282202112,280313856,3339857920,282202112,15798272
559.117,3339677696,15798272,13872128,281931776,279941120,3339677696,281931776,15798272
559.623,3339804672,15798272,13872128,282193920,280305664,3339804672,282193920,15798272
560.129,3339366400,15798272,13872128,281899008,279941120,3339366400,281899008,15798272
560.635,3339644928,15798272,13880320,281976832,279945216,3339644928,281976832,15798272
561.141,3339595776,15798272,13880320,281976832,279941120,3339595776,281976832,15798272
561.647,3339653120,15798272,13880320,281952256,279945216,3339657216,281952256,15798272
562.155,3339599872,15798272,13880320,281952256,279941120,3339599872,281952256,15798272
562.662,3339661312,15798272,13880320,281919488,279949312,3339661312,281919488,15798272
563.168,3339595776,15798272,13880320,281919488,279945216,3339595776,281919488,15798272
563.676,3339395072,15798272,13880320,281866240,279949312,3339395072,281866240,15798272
564.182,3339337728,15798272,13880320,281866240,279945216,3339337728,281866240,15798272
564.688,3339362304,15798272,13880320,281862144,279945216,3339374592,281862144,15798272
565.195,3339309056,15798272,13880320,281862144,279945216,3339309056,281862144,15798272
565.701,3339321344,15798272,13880320,281948160,279945216,3339321344,281948160,15798272
566.207,3339534336,15798272,13880320,281948160,279945216,3339534336,281948160,15798272
566.713,3339489280,15798272,13880320,281788416,279859200,3339505664,281788416,15798272
567.219,3339444224,15798272,13880320,281788416,279863296,3339444224,281788416,15798272
567.725,3339227136,15798272,13880320,281915392,279867392,3339227136,281915392,15798272
568.233,3339444224,15798272,13880320,281915392,279867392,3339444224,281915392,15798272
568.739,3339452416,15798272,13880320,281772032,279871488,3339452416,281772032,15798272
569.246,3339419648,15798272,13880320,281772032,279871488,3339419648,281772032,15798272
569.752,3339436032,15798272,13880320,281759744,279875584,3339468800,281759744,15798272
570.261,3339427840,15798272,13880320,281890816,279875584,3339427840,281890816,15798272
570.767,3339395072,15798272,13880320,282017792,279875584,3339395072,282017792,15798272
571.273,3339386880,15798272,13880320,282017792,279875584,3339386880,282017792,15798272
571.779,3339427840,15798272,13880320,281731072,279875584,3339427840,281731072,15798272
572.286,3339403264,15798272,13880320,281862144,279883776,3339403264,281862144,15798272
572.792,3339399168,15798272,13880320,281849856,279891968,3339399168,281849856,15798272
573.298,3339382784,15798272,13880320,281849856,279883776,3339382784,281849856,15798272
573.805,3339558912,15798272,13880320,281804800,279908352,3339558912,281804800,15798272
574.311,3339530240,15798272,13880320,281804800,279904256,3339530240,281804800,15798272
574.818,3339767808,15798272,13880320,281792512,279916544,3339767808,281792512,15798272
575.325,3339759616,15798272,13880320,281792512,279908352,3339759616,281792512,15798272
575.831,3339489280,15798272,13880320,281923584,279912448,3339489280,281923584,15798272
576.337,3339431936,15798272,13880320,281780224,279908352,3339431936,281780224,15798272
576.843,3339681792,15798272,13880320,281903104,279932928,3339681792,281903104,15798272
577.350,3339669504,15798272,13880320,281903104,279920640,3339669504,281903104,15798272
577.879,3339399168,15798272,13880320,281899008,279949312,3339399168,281899008,15798272
578.389,3339382784,15798272,13880320,281899008,279932928,3339382784,281899008,15798272
578.895,3339636736,15798272,13880320,281853952,279932928,3339636736,281853952,15798272
579.402,3340333056,15798272,13880320,282509312,280657920,3340333056,282509312,15798272
579.908,3340324864,15798272,13880320,282615808,280666112,3340324864,282615808,15798272
580.415,3340324864,15798272,13880320,282615808,280666112,3340324864,282615808,15798272
580.922,3340595200,15798272,13880320,282599424,280666112,3340595200,282599424,15798272
581.428,3340566528,15798272,13880320,282599424,280666112,3340566528,282599424,15798272
581.934,3340517376,15798272,13880320,282689536,280666112,3340517376,282689536,15798272
582.441,3340517376,15798272,13880320,282689536,280666112,3340517376,282689536,15798272
582.947,3340500992,15798272,13880320,282529792,280666112,3340500992,282529792,15798272
583.453,3340500992,15798272,13880320,282529792,280666112,3340500992,282529792,15798272
583.959,3340234752,15798272,13880320,282624000,280666112,3340234752,282624000,15798272
584.466,3340476416,15798272,13880320,282624000,280666112,3340476416,282624000,15798272
584.972,3340181504,15798272,13880320,282742784,280666112,3340181504,282742784,15798272
585.479,3340169216,15798272,13880320,282742784,280666112,3340169216,282742784,15798272
585.984,3340210176,15798272,13880320,282738688,280666112,3340210176,282738688,15798272
586.491,3340181504,15798272,13880320,282738688,280666112,3340181504,282738688,15798272
586.996,3340189696,15798272,13880320,282574848,280666112,3340189696,282574848,15798272
587.503,3340189696,15798272,13880320,282574848,280666112,3340189696,282574848,15798272
588.010,3340488704,15798272,13880320,282681344,280670208,3340488704,282681344,15798272
588.517,3340488704,15798272,13880320,282681344,280670208,3340488704,282681344,15798272
589.022,3339776000,15798272,13880320,281796608,279969792,3339776000,281796608,15798272
589.529,3340144640,15798272,13880320,282296320,280358912,3340144640,282296320,15798272
590.039,3340083200,15798272,13880320,282255360,280293376,3340083200,282255360,15798272
590.545,3340161024,15798272,13880320,282497024,280576000,3340161024,282497024,15798272
591.051,3340402688,15798272,13900800,282468352,280535040,3340402688,282468352,15798272
591.558,3340365824,15798272,13900800,282468352,280518656,3340365824,282468352,15798272
592.063,3340361728,15798272,13900800,282468352,280535040,3340361728,282468352,15798272
592.570,3341582336,15798272,13900800,283881472,281964544,3341598720,283881472,15798272
593.076,3341602816,15798272,13900800,284008448,282013696,3341602816,284008448,15798272
593.582,3341565952,15798272,13900800,284008448,282017792,3341565952,284008448,15798272
594.093,3341828096,15798272,13900800,284188672,282128384,3341828096,284188672,15798272
594.599,3341803520,15798272,13900800,284188672,282116096,3341803520,284188672,15798272
595.107,3341737984,15798272,13900800,284155904,282120192,3341778944,284155904,15798272
595.613,3341729792,15798272,13900800,284155904,282120192,3341729792,284155904,15798272
596.121,3342032896,15798272,13900800,284151808,282128384,3342082048,284151808,15798272
596.627,3342032896,15798272,13900800,284151808,282128384,3342032896,284151808,15798272
597.133,3341996032,15798272,13900800,284250112,282124288,3341840384,284250112,15798272
597.640,3341959168,15798272,13900800,284250112,282144768,3341959168,284250112,15798272
598.147,3341725696,15798272,13900800,284229632,282128384,3341819904,284229632,15798272
598.654,3342225408,15798272,13900800,284229632,282484736,3341705216,284229632,15798272
599.161,3341688832,15798272,13900800,284213248,282148864,3341815808,284213248,15798272
599.669,3342311424,15798272,13900800,284344320,282501120,3342311424,284344320,15798272
600.176,3342041088,15798272,13900800,284082176,282144768,3341848576,284082176,15798272
600.682,3341848576,15798272,13900800,284475392,282152960,3342184448,284475392,15798272
601.188,3341791232,15798272,13900800,284188672,282144768,3341791232,284188672,15798272
601.695,3341910016,15798272,13900800,284176384,282152960,3341910016,284176384,15798272
602.201,3342045184,15798272,13900800,284176384,282144768,3342045184,284176384,15798272
602.708,3341860864,15798272,13900800,284155904,282152960,3341860864,284155904,15798272
603.215,3341959168,15798272,13900800,284155904,282144768,3341959168,284155904,15798272
603.721,3341725696,15798272,13900800,284286976,282152960,3341725696,284286976,15798272
604.229,3341660160,15798272,13900800,284286976,282144768,3341660160,284286976,15798272
604.735,3341778944,15798272,13900800,284094464,282152960,3341778944,284094464,15798272
605.241,3341864960,15798272,13900800,284094464,282144768,3341864960,284094464,15798272
605.748,3341967360,15798272,13900800,284221440,282152960,3341967360,284221440,15798272
606.254,3341918208,15798272,13900800,284086272,282144768,3341918208,284086272,15798272
606.760,3341819904,15798272,13900800,284061696,282157056,3341819904,284061696,15798272
607.266,3341803520,15798272,13900800,284061696,282148864,3341803520,284061696,15798272
607.773,3342073856,15798272,13900800,284176384,282152960,3342106624,284176384,15798272
608.279,3342061568,15798272,13900800,284176384,282148864,3342061568,284176384,15798272
608.785,3341942784,15798272,13900800,284110848,282152960,3341942784,284110848,15798272
609.292,3340488704,15798272,13900800,282861568,280719360,3340488704,282861568,15798272
609.870,3340234752,15798272,13900800,282718208,280723456,3340234752,282718208,15798272
610.376,3340468224,15798272,13900800,282718208,280731648,3340468224,282718208,15798272
610.882,3344084992,15798272,13900800,282689536,280727552,3344084992,282689536,15798272
611.388,3343085568,15798272,13900800,282689536,280723456,3343093760,282689536,15798272
611.894,3344007168,15798272,13900800,282775552,280739840,3344007168,282775552,15798272
612.400,3343765504,15798272,13900800,282775552,280748032,3343765504,282775552,15798272
612.906,3343806464,15798272,13900800,282763264,280748032,3343806464,282763264,15798272
613.412,3358457856,15798272,13900800,282763264,280748032,3358208000,282763264,15798272
613.918,3356815360,15798272,13900800,282734592,280756224,3356815360,282734592,15798272
614.426,3356839936,15798272,13900800,282734592,280748032,3356839936,282734592,15798272
614.932,3356712960,15798272,13900800,282824704,280809472,3356725248,282824704,15798272
615.438,3356545024,15798272,13900800,282824704,280764416,3356545024,282824704,15798272
615.944,3356823552,15798272,13900800,282820608,280801280,3356823552,282820608,15798272
616.451,3343667200,15798272,13900800,282820608,280764416,3343433728,282820608,15798272
616.958,3343618048,15798272,13900800,282779648,280805376,3343634432,282779648,15798272
617.471,3344408576,15798272,13900800,282779648,280768512,3344535552,282779648,15798272
617.977,3347173376,15798272,13900800,282763264,280805376,3347173376,282763264,15798272
618.484,3357753344,15798272,13900800,282763264,280772608,3357753344,282763264,15798272
618.990,3356962816,15798272,13900800,283136000,281145344,3356962816,283136000,15798272
619.502,3356991488,15798272,13900800,283136000,281112576,3357065216,283136000,15798272
620.009,3354181632,15798272,13900800,283119616,281133056,3354181632,283119616,15798272
620.516,3353751552,15798272,13900800,283119616,281112576,3353751552,283119616,15798272
621.022,3353559040,15798272,13900800,283054080,281133056,3353559040,283054080,15798272
621.530,3353714688,15798272,13900800,283054080,281112576,3353468928,283054080,15798272
622.036,3353862144,15798272,13900800,283185152,281133056,3353870336,283185152,15798272
622.545,3353690112,15798272,13900800,283185152,281112576,3353731072,283185152,15798272
623.052,3353784320,15798272,13900800,283123712,281112576,3353784320,283123712,15798272
623.558,3353640960,15798272,13900800,283123712,281112576,3353681920,283123712,15798272
624.064,3353731072,15798272,13900800,283119616,281112576,3353731072,283119616,15798272
624.571,3353595904,15798272,13900800,283119616,281116672,3353595904,283119616,15798272
625.077,3353772032,15798272,13900800,283205632,281116672,3353772032,283205632,15798272
625.583,3353710592,15798272,13900800,283205632,281116672,3353710592,283205632,15798272
626.090,3353526272,15798272,13900800,283176960,281120768,3353526272,283176960,15798272
626.597,3353489408,15798272,13900800,283176960,281120768,3353489408,283176960,15798272
627.103,3353546752,15798272,13900800,283115520,281120768,3353546752,283115520,15798272
627.610,3353505792,15798272,13900800,283115520,281120768,3353505792,283115520,15798272
628.116,3353542656,15798272,13900800,283324416,281120768,3353542656,283324416,15798272
628.622,3353485312,15798272,13900800,283324416,281120768,3353485312,283324416,15798272
629.128,3343839232,15798272,13900800,282841088,280805376,3343839232,282841088,15798272
629.635,3344064512,15798272,13900800,282841088,280805376,3344064512,282841088,15798272
630.141,3343888384,15798272,13900800,282796032,280817664,3343888384,282796032,15798272
630.647,3344097280,15798272,13900800,282927104,280817664,3344097280,282927104,15798272
631.153,3344117760,15798272,13900800,282914816,280817664,3344117760,282914816,15798272
631.659,3347783680,15798272,13900800,286531584,284553216,3347783680,286531584,15798272
632.166,3347836928,15798272,13900800,286511104,284557312,3347836928,286511104,15798272
632.672,3348017152,15798272,13900800,286511104,284565504,3348017152,286511104,15798272
633.180,3347808256,15798272,13900800,286601216,284565504,3347808256,286601216,15798272
633.686,3347726336,15798272,13900800,286601216,284565504,3347726336,286601216,15798272
634.192,3347816448,15798272,13900800,286584832,284569600,3347816448,286584832,15798272
634.698,3347787776,15798272,13900800,286584832,284573696,3347787776,286584832,15798272
635.204,3347824640,15798272,13913088,286699520,284610560,3347824640,286699520,15798272
635.711,3347791872,15798272,13913088,286699520,284610560,3347791872,286699520,15798272
636.217,3347910656,15798272,13913088,286683136,284614656,3347910656,286683136,15798272
636.724,3349819392,15798272,13913088,286683136,284635136,3349737472,286683136,15798272
637.230,3347824640,15798272,13913088,286650368,284626944,3347824640,286650368,15798272
637.736,3347890176,15798272,13913088,286650368,284631040,3347890176,286650368,15798272
638.242,3347980288,15798272,13913088,286625792,284631040,3347980288,286625792,15798272
638.748,3348926464,15798272,13913088,287019008,285028352,3348926464,287019008,15798272
639.254,3348459520,15798272,13913088,286724096,284635136,3348459520,286724096,15798272
639.760,3348869120,15798272,13913088,287117312,285016064,3348869120,287117312,15798272
640.266,3347947520,15798272,13913088,286711808,284635136,3347947520,286711808,15798272
640.772,3361116160,15798272,13913088,286707712,284643328,3361361920,287105024,15798272
641.279,3360804864,15798272,13913088,286707712,284635136,3360804864,286707712,15798272
641.785,3360915456,15798272,13913088,286679040,284643328,3360915456,286679040,15798272
642.292,3361062912,15798272,13913088,286679040,284635136,3361062912,286679040,15798272
642.798,3360903168,15798272,13913088,286642176,284643328,3360903168,286642176,15798272
643.304,3360817152,15798272,13913088,286642176,284635136,3360817152,286642176,15798272
643.810,3360870400,15798272,13913088,286642176,284643328,3360870400,286642176,15798272
644.317,3360784384,15798272,13913088,286642176,284635136,3360784384,286642176,15798272
644.823,3360866304,15798272,13913088,286625792,284643328,3360866304,286625792,15798272
645.330,3360800768,15798272,13913088,286625792,284635136,3360800768,286625792,15798272
645.836,3360681984,15798272,13913088,286732288,284643328,3360681984,286732288,15798272
646.345,3361771520,15798272,13913088,286732288,284635136,3361771520,286732288,15798272
646.851,3347939328,15798272,13913088,286720000,284643328,3347939328,286720000,15798272
647.358,3348598784,15798272,13913088,286720000,284635136,3348598784,286720000,15798272
647.864,3348480000,15798272,13913088,286699520,284643328,3348480000,286699520,15798272
648.371,3347886080,15798272,13913088,286699520,284639232,3347886080,286699520,15798272
648.881,3358171136,15798272,13913088,283881472,281890816,3358171136,283881472,15798272
649.387,3358199808,15798272,13913088,283881472,281886720,3358199808,283881472,15798272
649.893,3358310400,15798272,13913088,283856896,281899008,3358310400,283856896,15798272
650.400,3358191616,15798272,13913088,283856896,281907200,3358191616,283856896,15798272
650.907,3358265344,15798272,13913088,283848704,281911296,3358265344,283848704,15798272
651.413,3358183424,15798272,13913088,283979776,281911296,3358183424,283979776,15798272
651.920,3359002624,15798272,13913088,283967488,281923584,3359002624,283967488,15798272
652.426,3358793728,15798272,13913088,283967488,281927680,3358793728,283967488,15798272
652.933,3359002624,15798272,13913088,283914240,281952256,3358781440,283914240,15798272
653.439,3347357696,15798272,13913088,283914240,281952256,3347357696,283914240,15798272
653.945,3345842176,15798272,13913088,284045312,281968640,3345842176,284045312,15798272
654.451,3345981440,15798272,13913088,283901952,281948160,3345981440,283901952,15798272
654.957,3345772544,15798272,13913088,284020736,282025984,3345772544,284020736,15798272
655.464,3345637376,15798272,13913088,284020736,281972736,3345719296,284020736,15798272
655.970,3345813504,15798272,13913088,284147712,282009600,3345813504,284147712,15798272
656.478,3346767872,15798272,13913088,284147712,281976832,3347091456,284147712,15798272
656.984,3354914816,15798272,13913088,284135424,282013696,3354914816,284135424,15798272
657.490,3354996736,15798272,13913088,283992064,281968640,3355004928,283992064,15798272
657.996,3354832896,15798272,13913088,284078080,282005504,3354832896,284078080,15798272
658.503,3354734592,15798272,13913088,284078080,281980928,3354734592,284078080,15798272
659.010,3354664960,15798272,13913088,284028928,282017792,3354533888,284028928,15798272
659.517,3354693632,15798272,13913088,284028928,281980928,3354693632,284028928,15798272
660.023,3354767360,15798272,13913088,284016640,281997312,3354767360,284016640,15798272
660.530,3345563648,15798272,13913088,284016640,281980928,3345563648,284016640,15798272
661.036,3345657856,15798272,13913088,283983872,281997312,3345657856,283983872,15798272
661.542,3345559552,15798272,13913088,283983872,281980928,3345559552,283983872,15798272
662.049,3345682432,15798272,13913088,284086272,282001408,3345682432,284086272,15798272
662.555,3345571840,15798272,13913088,283955200,281985024,3345571840,283955200,15798272
663.061,3345371136,15798272,13913088,284053504,282001408,3345371136,284053504,15798272
663.568,3345498112,15798272,13913088,284053504,281976832,3345498112,284053504,15798272
664.074,3345575936,15798272,13913088,284037120,281993216,3345575936,284037120,15798272
664.580,3345481728,15798272,13913088,284037120,281976832,3345481728,284037120,15798272
665.086,3345534976,15798272,13913088,283987968,281993216,3345534976,283987968,15798272
665.593,3345440768,15798272,13913088,283987968,281976832,3345440768,283987968,15798272
666.099,3345547264,15798272,13913088,283930624,281976832,3345563648,283930624,15798272
666.605,3345723392,15798272,13913088,283930624,281976832,3345723392,283930624,15798272
667.111,3345530880,15798272,13913088,283926528,281976832,3345530880,283926528,15798272
667.618,3345711104,15798272,13913088,284057600,281976832,3345711104,284057600,15798272
668.124,3345539072,15798272,13913088,284147712,281980928,3345539072,284147712,15798272
668.630,3345702912,15798272,13913088,284016640,281980928,3345707008,284016640,15798272
669.137,3345547264,15798272,13913088,284016640,281985024,3345547264,284016640,15798272
669.651,3345457152,15798272,13913088,284016640,281989120,3345457152,284016640,15798272
670.157,3345571840,15798272,13913088,284016640,282001408,3345571840,284016640,15798272
670.664,3345707008,15798272,13913088,284016640,282005504,3345707008,284016640,15798272
671.170,3345530880,15798272,13913088,284004352,282005504,3345530880,284004352,15798272
671.676,3345432576,15798272,13913088,284004352,282005504,3345432576,284004352,15798272
672.183,3345666048,15798272,13913088,284119040,282013696,3345666048,284119040,15798272
672.689,3345559552,15798272,13913088,284119040,282030080,3345559552,284119040,15798272
673.195,3345649664,15798272,13913088,283963392,282030080,3345649664,283963392,15798272
673.705,3345555456,15798272,13913088,283963392,282030080,3345555456,283963392,15798272
674.211,3345891328,15798272,13913088,284090368,282038272,3345891328,284090368,15798272
674.717,3345813504,15798272,13913088,284090368,282046464,3345813504,284090368,15798272
675.224,3345637376,15798272,13913088,284184576,282050560,3345637376,284184576,15798272
675.730,3345510400,15798272,13913088,284053504,282054656,3345510400,284053504,15798272
676.236,3345604608,15798272,13913088,284028928,282062848,3345604608,284028928,15798272
676.742,3345735680,15798272,13913088,284028928,282071040,3345735680,284028928,15798272
677.248,3345809408,15798272,13913088,284102656,282071040,3345809408,284102656,15798272
677.754,3345731584,15798272,13913088,284102656,282079232,3345731584,284102656,15798272
678.260,3345567744,15798272,13913088,284078080,282071040,3345567744,284078080,15798272
678.768,3345756160,15798272,13913088,284078080,282071040,3345756160,284078080,15798272
679.274,3345571840,15798272,13913088,284028928,282075136,3345571840,284028928,15798272
679.780,3345711104,15798272,13913088,284028928,282075136,3345711104,284028928,15798272
680.286,3345567744,15798272,13913088,284106752,282075136,3345567744,284106752,15798272
680.793,3345735680,15798272,13913088,284106752,282075136,3345735680,284106752,15798272
681.299,3346501632,15798272,13913088,284831744,282923008,3346501632,284831744,15798272
681.806,3346628608,15798272,13913088,284831744,282935296,3346628608,284831744,15798272
682.312,3346501632,15798272,13913088,284950528,282935296,3346501632,284950528,15798272
682.818,3346358272,15798272,13913088,284950528,282935296,3346358272,284950528,15798272
683.324,3346710528,15798272,13913088,284925952,282935296,3346710528,284925952,15798272
683.831,3346620416,15798272,13913088,284925952,282935296,3346620416,284925952,15798272
684.337,3346702336,15798272,13913088,285057024,282935296,3346702336,285057024,15798272
684.843,3346604032,15798272,13913088,285057024,282935296,3346604032,285057024,15798272
685.349,3346710528,15798272,13913088,285003776,282935296,3346710528,285003776,15798272
685.856,3346898944,15798272,13913088,285003776,283283456,3346636800,285003776,15798272
686.362,3346497536,15798272,13913088,285114368,282935296,3346497536,285114368,15798272
686.868,3346853888,15798272,13913088,285376512,283320320,3346853888,285376512,15798272
687.374,3346669568,15798272,13913088,285073408,282939392,3346673664,285073408,15798272
687.887,3347107840,15798272,13913088,285335552,283312128,3347116032,285335552,15798272
688.399,3346698240,15798272,13913088,285028352,282947584,3346698240,285028352,15798272
688.905,3347099648,15798272,13913088,285290496,283303936,3347099648,285290496,15798272
689.411,3346698240,15798272,13913088,285011968,282947584,3346698240,285011968,15798272
689.917,3347066880,15798272,13913088,285405184,283303936,3347066880,285405184,15798272
690.423,3346661376,15798272,13913088,284995584,282959872,3346661376,284995584,15798272
690.929,3347058688,15798272,13913088,285257728,283320320,3347058688,285257728,15798272
691.435,3345858560,15798272,13913088,284192768,282177536,3345858560,284192768,15798272
691.941,3345920000,15798272,13913088,284172288,282210304,3346030592,284172288,15798272
692.448,3345825792,15798272,13913088,284172288,282193920,3345825792,284172288,15798272
692.954,3346120704,15798272,13913088,284155904,282210304,3346128896,284155904,15798272
693.460,3346051072,15798272,13913088,284155904,282210304,3346051072,284155904,15798272
693.966,3345842176,15798272,13913088,284250112,282218496,3345842176,284250112,15798272
694.473,3345776640,15798272,13913088,284250112,282193920,3345776640,284250112,15798272
694.979,3345977344,15798272,13913088,284241920,282279936,3345977344,284241920,15798272
695.485,3346128896,15798272,13913088,284241920,282230784,3346128896,284241920,15798272
695.992,3345887232,15798272,13913088,284352512,282275840,3345887232,284352512,15798272
696.498,3346038784,15798272,13913088,284217344,282243072,3346038784,284217344,15798272
697.004,3345891328,15798272,13913088,284336128,282284032,3345891328,284336128,15798272
697.554,3345928192,15798272,13913088,284336128,282238976,3345928192,284336128,15798272
698.060,3346046976,15798272,13913088,284430336,282238976,3346046976,284430336,15798272
698.567,3346030592,15798272,13913088,284430336,282238976,3346034688,284430336,15798272
699.074,3346083840,15798272,13913088,284266496,282251264,3346083840,284266496,15798272
699.580,3346083840,15798272,13913088,284266496,282251264,3346083840,284266496,15798272
700.087,3346046976,15798272,13913088,284385280,282255360,3346046976,284385280,15798272
700.593,3345981440,15798272,13913088,284385280,282255360,3345981440,284385280,15798272
701.100,3359145984,15798272,13913088,284213248,282255360,3359145984,284213248,15798272
701.611,3359080448,15798272,13913088,284213248,282255360,3359080448,284213248,15798272
702.117,3358879744,15798272,13913088,284323840,282259456,3358879744,284323840,15798272
702.623,3358879744,15798272,13913088,284188672,282259456,3358879744,284188672,15798272
703.129,3359121408,15798272,13913088,284262400,282259456,3359121408,284262400,15798272
703.635,3358879744,15798272,13913088,284262400,282259456,3358879744,284262400,15798272
704.142,3358875648,15798272,13913088,284258304,282259456,3358875648,284258304,15798272
704.648,3358859264,15798272,13913088,284258304,282259456,3358859264,284258304,15798272
705.155,3358920704,15798272,13913088,284372992,282259456,3358920704,284372992,15798272
705.661,3359100928,15798272,13913088,284372992,282259456,3359100928,284372992,15798272
706.167,3358912512,15798272,13917184,284348416,282259456,3358912512,284348416,15798272
706.673,3358859264,15798272,13917184,284213248,282259456,3358859264,284213248,15798272
707.180,3346075648,15798272,13917184,284299264,282267648,3346075648,284299264,15798272
707.686,3346067456,15798272,13917184,284299264,282267648,3346067456,284299264,15798272
708.192,3346116608,15798272,13917184,284295168,282267648,3346116608,284295168,15798272
708.699,3346108416,15798272,13917184,284295168,282267648,3346108416,284295168,15798272
709.205,3345915904,15798272,13917184,284246016,282263552,3345915904,284246016,15798272
709.712,3345903616,15798272,13917184,284246016,282263552,3345903616,284246016,15798272
710.218,3345997824,15798272,13917184,284332032,282271744,3345997824,284332032,15798272
710.724,3345989632,15798272,13917184,284332032,282275840,3345989632,284332032,15798272
711.231,3346100224,15798272,13917184,284311552,282275840,3346100224,284311552,15798272
711.737,3346112512,15798272,13917184,284311552,282275840,3346112512,284311552,15798272
712.243,3346001920,15798272,13917184,284393472,282324992,3346001920,284393472,15798272
712.749,3346214912,15798272,13917184,284225536,282288128,3346214912,284225536,15798272
713.256,3345977344,15798272,13917184,284336128,282292224,3345977344,284336128,15798272
713.762,3345866752,15798272,13917184,284336128,282292224,3345866752,284336128,15798272
714.268,3358773248,15798272,13917184,284311552,282296320,3358773248,284311552,15798272
714.775,3359232000,15798272,13917184,284311552,282304512,3359232000,284311552,15798272
715.282,3359162368,15798272,13917184,284418048,282345472,3359162368,284418048,15798272
715.788,3359088640,15798272,13917184,284418048,282349568,3359088640,284418048,15798272
716.294,3359092736,15798272,13917184,284381184,282349568,3359113216,284381184,15798272
716.801,3359002624,15798272,13917184,284368896,282357760,3359002624,284368896,15798272
717.307,3359023104,15798272,13917184,284360704,282349568,3359023104,284360704,15798272
717.814,3359334400,15798272,13917184,284360704,282357760,3359334400,284360704,15798272
718.320,3359272960,15798272,13917184,284454912,282357760,3359272960,284454912,15798272
718.826,3346968576,15798272,13917184,284323840,282361856,3346972672,284323840,15798272
719.333,3346456576,15798272,13917184,284430336,282361856,3346456576,284430336,15798272
719.840,3348078592,15798272,13917184,284430336,282361856,3348078592,284430336,15798272
720.346,3348627456,15798272,13917184,284413952,282365952,3348627456,284413952,15798272
720.853,3348557824,15798272,13917184,284413952,282365952,3348557824,284413952,15798272
721.359,3348635648,15798272,13917184,284368896,282361856,3348639744,284368896,15798272
721.865,3348590592,15798272,13917184,284368896,282361856,3348590592,284368896,15798272
722.371,3348533248,15798272,13917184,284471296,282361856,3348533248,284471296,15798272
722.878,3351207936,15798272,13917184,284336128,282361856,3351207936,284336128,15798272
723.397,3346624512,15798272,13917184,284442624,282361856,3346624512,284442624,15798272
723.904,3346493440,15798272,13917184,284442624,282361856,3346493440,284442624,15798272
724.410,3346538496,15798272,13917184,284442624,282361856,3346538496,284442624,15798272
724.917,3346284544,15798272,13917184,284442624,282361856,3346448384,284442624,15798272
725.423,3346673664,15798272,13917184,284409856,282361856,3346673664,284409856,15798272
725.929,3346542592,15798272,13917184,284409856,282361856,3346542592,284409856,15798272
726.436,3347267584,15798272,13896704,284499968,282351616,3347267584,284499968,15798272
